1 953619 0 1 5 17 38 36 15 6 5 1 0 0
2 953958 10 7 15 26 26 21 10 8 1 2 0 0
3 954184 0 0 4 8 41 56 10 3 4 0 0 0
4 954113 0 1 4 6 48 37 23 5 2 2 0 0
5 953980 0 3 6 15 57 39 6 1 1 1 0 0
6 954175 0 0 5 13 40 53 14 1 3 1 0 0
7 953349 1 1 1 7 27 46 28 13 4 0 0 0
8 953645 0 0 0 8 33 51 27 3 3 2 0 0
9 953897 0 0 0 5 19 46 29 22 5 2 0 0
10 953841 0 0 3 8 37 44 22 9 4 2 0 0
11 953417 0 0 0 5 32 50 23 10 3 1 0 0
12 953777 0 3 2 3 13 40 35 21 8 3 0 0
13 953756 0 2 3 9 35 50 20 5 2 2 0 0
14 954195 0 1 7 26 56 23 6 1 0 2 0 0
15 953903 0 1 4 5 33 50 17 9 3 2 0 0
16 954222 0 1 2 4 18 41 29 17 10 4 0 0
17 953889 0 1 0 9 20 40 29 14 11 6 0 0
18 953844 0 0 1 6 40 51 20 6 4 0 0 0
19 954104 0 0 2 7 35 47 19 8 5 0 0 0
20 954229 0 0 2 10 50 42 12 4 3 1 0 0
21 953550 0 0 1 3 13 45 36 20 5 7 0 0
22 953726 0 0 3 11 51 41 8 3 1 4 0 0
23 954228 5 9 17 17 43 18 12 1 5 2 0 0
24 953750 0 1 12 34 52 16 7 2 1 0 0 0
25 954181 0 0 0 8 29 43 25 13 7 4 0 0
26 954208 0 1 9 22 31 36 19 7 3 2 0 0
27 953810 0 0 4 15 42 44 12 3 5 3 0 0
28 954187 0 0 3 21 46 38 10 3 1 0 0 0
29 953621 0 1 5 5 39 48 18 7 2 3 0 0
30 953348 0 0 9 16 62 23 10 2 0 1 0 0
31 953283 0 0 0 4 19 41 33 21 14 3 0 0
32 953092 0 0 1 5 43 51 13 6 4 1 0 0
33 953751 0 0 1 16 25 44 18 14 5 3 0 0
34 954112 0 1 2 10 47 40 12 5 4 0 0 0
35 954117 0 0 2 11 38 54 15 6 5 1 0 0
36 954116 0 2 5 15 43 50 6 3 4 3 0 0
37 953821 0 0 3 5 33 56 17 11 5 2 0 0
38 954105 0 1 2 11 30 47 25 4 4 5 0 0
39 953019 12 8 18 23 33 14 10 2 2 1 0 0
40 953780 0 2 5 27 54 24 3 3 1 1 0 0
41 954186 0 0 6 7 57 41 7 2 2 0 0 0
42 954119 0 2 3 13 41 47 17 4 2 3 0 0
43 954063 0 1 4 13 48 43 14 3 3 1 0 0
44 954121 0 0 2 7 37 42 23 11 5 3 0 0
45 954066 1 2 7 29 45 32 11 1 2 1 0 0
46 954125 0 2 8 24 53 28 6 1 1 2 0 0
47 954067 0 0 1 3 13 50 31 21 9 7 0 0
48 953582 0 0 4 10 28 52 16 7 5 2 0 0
49 954013 0 0 1 5 18 39 31 22 9 7 0 0
50 954069 1 1 5 23 57 22 11 1 0 1 0 0
51 954071 0 0 6 12 46 45 13 2 1 0 0 0
52 954225 0 0 1 16 51 43 8 6 2 1 0 0
53 954124 0 0 3 6 28 57 25 7 4 3 0 0
54 954218 0 0 7 12 40 46 10 3 4 2 0 0
55 953577 0 0 2 15 43 44 14 5 1 1 0 0
56 953985 1 2 3 12 36 55 14 8 2 1 0 0
57 954141 0 1 4 12 36 44 19 4 3 1 0 0
58 954118 0 1 1 3 30 53 24 11 8 1 0 0
59 953901 0 1 3 9 33 41 27 8 1 4 0 0
60 953794 0 0 5 30 48 30 9 1 2 1 0 0
61 953853 1 0 6 13 52 37 11 1 2 0 0 0
62 953757 0 2 3 15 24 44 26 11 5 0 0 0
63 954130 1 0 6 23 33 29 16 7 6 1 0 0
64 953994 0 0 4 19 61 29 9 1 1 1 0 0
65 954180 0 0 3 14 35 51 10 3 1 1 0 0
66 954014 0 3 7 26 57 19 2 1 1 3 0 0
67 954092 0 0 3 1 26 42 30 18 6 4 0 0
68 954226 9 11 24 28 28 11 5 5 0 0 0 0
69 953946 0 0 4 4 34 56 14 8 5 0 0 0
70 953334 0 2 5 14 63 34 7 0 1 0 0 0
71 953126 0 3 4 9 45 46 14 6 2 0 0 0
72 953245 1 3 13 31 54 18 2 0 1 1 0 0
73 954122 0 0 8 21 51 33 10 3 2 0 0 0
74 954227 0 0 2 13 39 46 14 7 4 1 0 0
75 953097 0 0 0 3 10 24 33 32 15 14 0 0
76 953965 0 1 3 26 51 33 5 3 4 0 0 0
77 954002 0 1 3 5 16 45 32 20 4 3 0 0
78 953327 0 1 3 17 48 42 9 3 2 1 0 0
79 954052 0 0 1 8 34 48 24 8 2 4 0 0
80 954224 0 2 0 8 27 47 26 11 6 3 0 0
81 953863 0 0 2 11 29 44 24 13 5 2 0 0
82 953918 0 0 2 15 60 35 8 3 0 2 0 0
83 953933 0 0 9 19 63 25 9 2 1 1 0 0
84 953630 0 1 6 13 52 45 4 2 1 0 0 0
85 953004 0 4 9 34 54 18 2 2 1 0 0 0
86 953935 0 3 0 14 44 37 20 4 6 0 0 0
87 954219 0 1 4 6 42 47 12 6 3 1 0 0
88 953977 0 1 2 14 50 43 11 3 1 2 0 0
89 954048 0 2 9 23 40 33 10 3 5 0 0 0
90 954183 0 0 2 22 49 37 8 2 2 1 0 0
91 953715 3 4 10 37 46 25 5 2 1 0 0 0
92 953955 0 0 5 15 37 49 15 1 1 1 0 0
93 953785 0 0 1 6 20 32 38 15 7 10 0 0
94 954012 0 2 5 15 52 33 14 4 2 1 0 0
95 953856 5 9 10 21 44 24 12 3 3 1 0 0
96 954127 0 0 3 3 33 44 30 10 6 3 0 0
97 954206 0 0 8 17 53 31 7 4 1 1 0 0
98 954055 0 0 4 15 39 37 18 6 2 2 0 0
99 953981 3 6 20 32 31 18 7 5 1 3 0 0
100 954007 0 0 3 5 40 49 18 7 6 1 0 0
101 954216 0 1 2 10 50 43 17 4 2 3 0 0
102 953824 0 1 0 5 22 42 29 12 5 7 0 0
103 954176 1 1 7 17 33 46 13 5 2 1 0 0
104 953123 0 0 3 16 21 30 24 14 11 5 0 0
105 954133 1 0 9 22 51 32 5 0 0 0 0 0
106 953934 2 4 9 26 33 23 14 6 2 2 0 0
107 953560 0 1 4 15 54 42 6 1 1 1 0 0
108 953979 0 0 0 3 21 34 30 20 9 10 0 0
109 954179 0 1 2 10 42 53 16 1 4 0 0 0
110 954126 0 0 5 9 46 50 11 3 2 2 0 0
111 953802 0 1 2 8 30 48 25 7 3 3 0 0
112 954217 0 2 2 15 37 42 15 7 3 3 0 0
113 954131 0 1 6 19 46 38 10 0 3 0 0 0
114 953356 0 2 4 16 43 40 16 2 1 2 0 0
115 954169 1 1 2 3 19 55 27 10 7 8 0 0
116 954200 0 0 8 29 61 19 6 1 1 0 0 0
117 954220 0 1 9 22 48 36 7 1 1 0 0 0
118 954143 1 0 5 17 46 42 10 5 1 1 0 0
119 954123 0 0 3 13 56 32 15 4 1 2 0 0
120 953113 0 0 1 2 38 47 27 9 3 3 0 0
121 954223 0 0 3 20 52 44 10 3 1 0 0 0
122 954043 0 2 3 16 50 45 7 2 2 0 0 0
123 954022 0 1 6 14 47 41 8 2 3 2 0 0
124 953730 0 0 3 4 32 48 20 12 4 3 0 0
125 954212 0 0 4 5 20 61 23 7 2 7 0 0
126 953945 0 0 3 7 33 43 25 6 5 2 0 0
127 954096 3 6 13 25 40 27 8 1 3 2 0 0
128 954076 0 0 0 5 23 39 39 10 7 5 0 0
129 954178 0 0 2 5 38 41 26 6 5 1 0 0
130 954196 0 2 1 6 22 43 35 17 1 3 0 0
131 953961 0 0 1 4 13 47 39 14 7 4 0 0
132 954214 0 0 3 4 43 52 16 1 3 2 0 0
133 954203 2 0 5 19 38 38 16 3 3 1 0 0
134 954198 0 2 1 5 35 49 26 5 2 2 0 0
135 954011 0 0 1 11 42 43 15 3 3 3 0 0
136 953816 0 0 0 1 10 30 32 29 14 12 0 0
137 954191 1 1 6 16 42 35 19 4 2 1 0 0
138 954188 0 0 2 0 9 35 29 28 14 8 0 0
139 953923 0 0 3 21 61 24 11 1 3 0 0 0
140 953089 0 0 2 8 40 44 18 10 2 1 0 0
141 953401 0 1 3 15 35 47 20 4 4 2 0 0
142 771289 1 2 3 13 66 58 18 7 2 1 0 0
143 770869 1 2 3 15 46 58 22 11 7 1 0 0
144 770556 0 2 4 19 65 46 25 6 4 0 0 0
145 770300 0 0 4 12 50 44 36 10 9 0 0 0
146 771576 0 1 4 15 65 61 15 4 0 1 0 0
147 770637 0 0 4 12 50 61 26 14 1 2 0 0
148 771245 0 0 6 35 76 35 5 2 0 1 0 0
149 771518 0 0 1 12 50 59 21 21 6 1 0 0
150 771439 0 0 5 22 69 49 22 1 1 0 0 0
151 771182 0 1 1 7 37 64 31 16 7 3 0 0
152 771082 0 1 6 35 64 39 14 3 0 3 0 0
153 770779 0 1 6 20 65 48 18 1 1 3 0 0
154 771609 0 0 1 7 36 55 43 11 8 10 0 0
155 771252 0 0 4 18 54 55 25 6 2 1 0 0
156 771392 5 3 15 31 56 31 10 6 2 1 0 0
157 771538 0 2 2 11 64 58 16 12 5 1 0 0
158 771530 0 1 1 16 51 55 19 12 3 3 0 0
159 771628 0 0 6 27 60 47 17 3 1 0 0 0
160 771109 1 0 4 19 69 44 20 3 2 1 0 0
161 771346 0 0 1 13 56 59 25 6 4 2 0 0
162 771355 0 0 3 14 65 51 18 9 3 0 0 0
163 771541 1 1 1 13 52 62 26 10 4 2 0 0
164 771257 26 18 34 48 27 8 0 0 1 2 0 0
165 771637 0 0 3 10 51 50 34 15 2 1 0 0
166 770394 0 0 1 18 60 53 23 5 4 0 0 0
167 770632 0 0 1 13 48 62 32 9 3 4 0 0
168 771582 1 1 9 49 79 17 5 1 1 1 0 0
169 771269 0 2 4 29 79 32 11 2 1 0 0 0
170 770911 1 1 3 7 43 48 41 18 9 0 0 0
171 771351 0 0 4 15 37 71 27 7 6 2 0 0
172 771268 0 0 2 13 55 59 22 11 3 0 0 0
173 771596 0 1 1 4 35 53 36 29 7 4 0 0
174 771123 0 0 8 28 77 35 11 5 0 1 0 0
175 770826 0 1 6 9 50 52 27 10 5 2 0 0
176 771583 0 0 0 4 32 67 32 19 10 5 0 0
177 771189 0 1 15 45 77 15 7 0 1 0 0 0
178 770891 0 2 5 28 56 40 17 12 4 2 0 0
179 771084 0 3 8 26 71 45 11 3 1 1 0 0
180 771436 0 0 6 29 84 29 12 5 1 0 0 0
181 771430 0 1 0 8 42 58 38 18 1 2 0 0
182 771603 1 2 10 38 74 34 4 0 1 1 0 0
183 771522 0 0 5 32 68 40 13 4 2 0 0 0
184 771213 1 0 1 7 27 45 49 18 13 10 0 0
185 771648 0 1 10 29 90 28 4 3 1 0 0 0
186 770992 0 0 4 2 41 61 42 12 9 2 0 0
187 771647 1 5 18 48 65 19 5 3 0 0 0 0
188 770696 2 7 12 31 58 33 10 6 5 1 0 0
189 770993 0 0 5 13 50 64 15 9 5 2 0 0
190 771309 0 1 10 21 81 34 12 3 2 1 0 0
191 771520 3 4 11 45 57 28 11 4 0 1 0 0
192 770642 0 13 17 55 55 15 5 1 0 0 0 0
193 771571 1 1 3 9 64 51 29 15 4 1 0 0
194 771529 0 1 8 28 75 35 11 7 2 1 0 0
195 771185 3 2 10 31 57 32 12 7 8 0 0 0
196 770897 0 0 1 6 27 39 41 29 16 14 0 0
197 771047 0 2 12 44 73 24 6 3 0 1 0 0
198 770684 0 2 6 30 69 38 8 2 2 0 0 0
199 771443 0 1 16 47 71 16 9 1 2 1 0 0
200 770185 3 15 18 58 38 13 12 3 2 1 0 0
201 771459 0 0 3 6 29 67 30 25 5 2 0 0
202 771234 0 0 5 20 55 53 22 8 2 0 0 0
203 771046 0 0 0 14 54 60 32 8 5 1 0 0
204 770638 0 1 7 17 58 52 21 9 2 1 0 0
205 771452 0 1 8 31 63 43 8 5 1 1 0 0
206 770004 2 4 23 37 55 34 13 5 1 1 0 0
207 771483 0 1 6 28 81 30 5 2 2 0 0 0
208 771602 0 0 1 7 36 60 37 20 7 8 0 0
209 771404 3 7 32 53 55 15 2 4 0 1 0 0
210 771254 0 0 5 5 69 54 23 7 2 1 0 0
211 770916 0 1 3 12 46 52 35 15 3 5 0 0
212 771227 0 2 14 28 77 25 9 4 1 1 0 0
213 771466 1 1 3 17 29 46 39 11 11 8 0 0
214 771296 0 2 6 27 61 44 21 7 4 1 0 0
215 770927 0 0 5 19 67 43 21 2 1 2 0 0
216 771300 0 0 1 11 42 54 35 16 7 4 0 0
217 770486 0 0 1 3 20 48 50 19 21 11 0 0
218 771624 1 3 7 20 55 36 20 15 7 3 0 0
219 771533 0 2 8 21 59 52 12 6 3 1 0 0
220 771233 0 0 5 7 21 60 30 20 19 7 0 0
221 771652 1 0 5 34 77 32 10 5 2 2 0 0
222 771030 0 0 4 21 61 53 22 5 3 1 0 0
223 771229 0 1 3 15 57 60 17 9 5 2 0 0
224 770238 0 0 2 7 40 57 35 16 5 3 0 0
225 771203 0 0 8 24 76 34 10 3 3 0 0 0
226 769857 0 0 6 23 62 53 13 6 1 2 0 0
227 771342 0 1 0 7 41 54 31 18 6 5 0 0
228 771186 1 6 18 57 53 18 4 1 1 0 0 0
229 771438 0 1 6 28 73 37 10 2 2 0 0 0
230 771399 0 0 1 3 13 40 58 32 20 12 0 0
231 771027 0 1 2 22 67 52 14 2 1 0 0 0
232 769958 0 0 4 12 48 60 30 7 3 5 0 0
233 771308 1 2 25 60 51 20 3 2 0 1 0 0
234 771645 0 1 6 27 83 26 8 3 1 0 0 0
235 771451 0 0 4 21 55 51 21 8 4 0 0 0
236 770768 0 2 6 27 65 47 9 3 4 0 0 0
237 771131 1 1 15 43 62 28 7 3 2 0 0 0
238 771634 0 1 7 23 56 61 18 6 2 0 0 0
239 770926 0 2 7 27 78 35 6 5 3 0 0 0
240 771556 0 0 4 14 48 58 23 8 4 4 0 0
241 771425 5 16 37 59 30 9 3 1 1 0 0 0
242 769959 0 7 14 33 73 25 10 1 2 0 0 0
243 770809 0 1 6 21 60 45 20 5 2 2 0 0
244 771463 0 0 3 9 58 61 25 8 0 1 0 0
245 771184 0 3 15 55 68 12 4 2 0 0 0 0
246 771547 0 2 6 4 33 44 40 18 15 9 0 0
247 771524 0 0 5 25 79 41 8 2 1 0 0 0
248 771163 0 0 1 7 41 52 39 20 11 0 0 0
249 771408 1 2 1 12 61 56 26 3 3 1 0 0
250 770938 0 2 9 28 74 39 12 4 1 0 0 0
251 771572 0 2 6 36 66 44 9 2 2 0 0 0
252 771400 0 0 6 34 74 32 11 1 2 0 0 0
253 771585 0 2 5 21 75 43 18 4 0 0 0 0
254 770942 0 1 5 9 66 51 21 10 2 4 0 0
255 771650 0 0 4 18 86 36 12 2 1 1 0 0
256 770900 1 1 7 38 53 34 21 11 3 2 0 0
257 769987 0 0 5 17 52 50 21 8 3 2 0 0
258 771111 0 0 0 6 23 41 53 28 11 5 0 0
259 771039 0 0 6 15 66 45 20 8 2 3 0 0
260 771238 0 1 9 22 85 39 10 4 0 0 0 0
261 771447 0 0 2 17 77 43 13 7 8 0 0 0
262 770854 0 0 0 4 18 54 48 26 13 14 0 0
263 771347 0 1 4 24 60 43 13 10 4 1 0 0
264 771376 0 0 11 18 72 47 20 1 3 0 0 0
265 771401 0 2 1 16 50 55 19 15 4 0 0 0
266 770904 0 0 3 18 63 45 32 6 0 3 0 0
267 769730 3 3 12 41 73 20 7 4 1 0 0 0
268 771455 2 4 9 22 55 36 19 11 2 0 0 0
269 770560 0 0 4 20 70 53 11 6 0 1 0 0
270 771651 8 11 31 43 48 12 5 2 1 0 0 0
271 771107 0 1 9 36 76 24 12 5 1 0 0 0
272 771549 0 0 3 20 72 43 15 5 2 2 0 0
273 771149 0 2 7 13 41 51 23 17 10 2 0 0
274 771005 0 0 3 13 57 65 20 11 5 2 0 0
275 771474 0 5 26 66 52 13 1 2 0 0 0 0
276 771593 0 0 5 10 45 49 38 16 4 2 0 0
277 770608 0 2 18 35 70 22 7 4 1 0 0 0
278 771536 0 1 2 13 67 58 16 9 3 0 0 0
279 771172 0 0 3 7 57 58 33 10 3 2 0 0
280 771457 0 1 4 24 73 37 16 4 3 0 0 0
281 770989 0 0 1 16 63 55 17 9 4 0 0 0
282 771249 0 1 5 32 67 40 10 2 1 1 0 0
283 769801 1 8 24 40 64 17 5 2 1 0 0 0
284 771320 0 0 4 8 45 61 33 11 3 2 0 0
285 770568 0 1 1 22 69 42 17 6 2 1 0 0
286 770649 0 0 1 8 52 64 26 16 10 2 0 0
287 771605 1 0 4 32 59 38 22 4 2 0 0 0
288 771108 0 1 4 35 70 37 9 3 2 1 0 0
289 771397 0 0 4 8 58 56 22 15 4 2 0 0
290 771148 1 0 9 42 63 30 14 5 2 1 0 0
291 771601 7 15 24 63 38 17 3 2 1 1 0 0
292 770875 0 0 1 8 36 56 33 25 7 4 0 0
293 771653 0 2 5 16 49 43 23 15 4 5 0 0
294 771557 0 4 4 25 71 42 13 1 3 0 0 0
295 771429 1 5 16 52 56 20 5 1 1 0 0 0
296 771570 0 1 4 23 74 44 10 2 3 1 0 0
297 771294 0 0 3 10 61 47 25 11 3 3 0 0
298 770690 0 1 1 10 47 51 41 14 6 2 0 0
299 771500 0 1 6 6 55 45 29 19 4 0 0 0
300 770671 2 4 19 55 60 14 6 2 0 1 0 0
301 769736 0 0 4 23 69 44 16 5 0 0 0 0
302 771202 0 1 7 17 79 39 11 7 2 2 0 0
303 771632 3 1 8 27 64 32 17 6 6 2 0 0
304 771626 0 0 3 8 37 59 39 15 8 4 0 0
305 771584 0 0 4 9 67 49 23 9 4 0 0 0
306 771411 0 1 5 17 70 47 16 6 3 0 0 0
307 771516 0 1 4 11 59 63 27 3 3 1 0 0
308 770538 0 0 1 6 38 65 40 16 4 4 0 0
309 771122 1 8 8 27 58 42 10 5 0 1 0 0
310 771589 0 1 4 7 39 56 24 13 11 10 0 0
311 771545 2 7 27 48 53 18 3 4 2 0 0 0
312 771523 0 0 7 20 67 45 14 7 2 2 0 0
313 771508 1 4 15 46 66 20 6 2 1 0 0 0
314 771323 0 2 5 8 51 56 24 17 4 3 0 0
315 771502 0 3 8 33 67 37 12 5 1 1 0 0
316 771625 0 2 3 18 62 51 18 9 1 0 0 0
317 771616 0 0 2 13 49 46 37 12 6 2 0 0
318 770437 0 1 8 27 72 38 11 2 2 2 0 0
319 771627 0 0 8 15 49 49 26 8 1 2 0 0
320 771642 0 0 3 17 57 53 20 6 2 2 0 0
321 771497 0 1 6 15 52 62 20 8 1 2 0 0
322 930504 1 3 10 28 29 56 31 13 7 5 0 0
323 930322 1 4 9 28 63 56 15 9 2 3 0 0
324 930473 0 4 9 31 78 37 22 8 2 2 0 0
325 930811 2 0 7 27 49 54 19 13 4 3 0 0
326 930657 2 1 7 41 49 49 25 5 2 2 0 0
327 929988 0 3 19 39 70 40 10 4 1 1 0 0
328 930455 0 3 2 26 56 58 31 11 2 2 0 0
329 930060 0 1 6 14 40 58 36 19 10 3 0 0
330 930705 1 3 3 26 52 56 25 8 5 4 0 0
331 930493 0 2 8 22 52 52 31 12 3 2 0 0
332 930747 0 3 2 18 40 73 28 8 7 4 0 0
333 930073 0 1 10 29 82 37 10 11 0 2 0 0
334 930709 0 1 2 10 42 71 29 15 10 7 0 0
335 929897 0 0 4 11 34 64 44 17 5 4 0 0
336 930695 2 5 13 34 55 51 18 2 4 1 0 0
337 930465 0 4 4 25 61 50 26 6 4 2 0 0
338 930674 2 4 11 42 67 49 7 7 0 2 0 0
339 930324 2 2 12 39 80 35 9 3 1 2 0 0
340 930717 1 1 2 18 68 51 26 10 5 3 0 0
341 930165 0 2 14 35 74 37 8 2 1 2 0 0
342 930790 24 19 48 53 29 9 3 2 0 3 0 0
343 930425 1 4 9 49 77 30 9 4 1 3 0 0
344 930638 1 4 17 53 70 32 5 4 0 2 0 0
345 930194 1 0 5 11 34 63 39 19 12 10 0 0
346 930499 2 1 5 12 41 55 38 24 6 11 0 0
347 930694 1 4 15 54 64 33 4 4 0 1 0 0
348 930219 2 1 5 29 41 52 27 19 4 4 0 0
349 930293 1 1 5 21 62 58 20 12 3 2 0 0
350 929995 0 0 6 20 51 60 29 14 5 3 0 0
351 930734 0 3 9 36 68 43 10 4 2 1 0 0
352 930217 4 12 28 56 58 18 4 1 2 1 0 0
353 930299 1 3 12 23 60 51 24 5 3 1 0 0
354 930336 1 6 8 38 63 45 15 4 1 2 0 0
355 930436 2 5 28 41 53 35 13 7 2 3 0 0
356 930532 0 1 10 8 43 59 34 19 5 5 0 0
357 930095 2 2 4 29 62 46 24 8 5 3 0 0
358 930636 3 8 9 38 46 46 18 5 5 4 0 0
359 930494 5 9 27 52 51 18 12 3 1 1 0 0
360 930808 1 0 7 23 72 48 25 4 0 3 0 0
361 930225 2 3 6 15 45 56 32 18 5 5 0 0
362 930104 1 0 7 27 56 53 24 11 5 2 0 0
363 930254 0 0 1 10 28 57 40 31 12 8 0 0
364 930212 1 1 4 29 74 52 14 5 1 2 0 0
365 930596 0 4 5 29 59 59 22 8 2 3 0 0
366 930286 1 2 5 25 54 56 24 13 3 3 0 0
367 930767 0 5 6 39 69 45 9 9 4 1 0 0
368 930632 0 7 25 51 53 35 9 5 2 2 0 0
369 930759 2 4 10 30 72 38 19 7 3 1 0 0
370 929932 2 9 21 51 65 23 5 3 3 2 0 0
371 930639 0 0 3 15 53 55 38 12 7 6 0 0
372 929914 3 5 24 52 55 25 7 2 0 1 0 0
373 930390 0 2 4 8 33 51 38 24 13 12 0 0
374 930735 25 25 27 33 30 22 7 7 2 6 0 0
375 930476 0 4 3 15 44 53 30 26 9 8 0 0
376 930756 0 1 4 26 44 59 28 17 2 4 0 0
377 930021 2 1 5 17 54 61 29 14 1 3 0 0
378 930379 0 0 4 13 42 59 32 27 7 6 0 0
379 930770 1 6 8 25 49 51 27 17 5 5 0 0
380 930542 1 4 4 25 45 51 31 11 5 7 0 0
381 930236 1 0 2 13 26 58 40 25 17 11 0 0
382 930698 1 3 17 26 57 54 13 6 2 3 0 0
383 930761 3 7 13 35 67 39 14 4 2 3 0 0
384 930703 1 0 9 31 55 47 25 15 6 5 0 0
385 930809 0 1 4 17 63 55 33 14 3 3 0 0
386 930732 7 12 31 54 43 17 11 1 2 1 0 0
387 929777 2 1 10 36 65 43 20 8 2 2 0 0
388 929936 0 1 2 10 39 64 34 27 9 4 0 0
389 930531 2 6 21 48 63 29 10 1 1 1 0 0
390 930065 0 0 3 18 40 72 31 14 10 6 0 0
391 930692 0 3 8 37 65 46 18 6 0 2 0 0
392 930805 1 4 7 33 68 46 13 7 4 3 0 0
393 930433 1 2 6 29 65 53 14 6 0 1 0 0
394 930247 0 2 8 31 67 48 17 7 4 2 0 0
395 930403 1 1 20 49 71 34 10 0 0 2 0 0
396 930626 3 2 5 13 55 51 31 17 5 6 0 0
397 930248 1 0 4 22 54 56 34 9 3 3 0 0
398 930802 0 4 7 21 62 41 29 14 4 2 0 0
399 930716 9 10 19 40 37 40 18 9 5 2 0 0
400 930723 2 1 7 14 48 42 42 15 6 7 0 0
401 930665 0 2 2 4 27 63 47 20 14 7 0 0
402 930389 19 19 30 38 40 30 4 2 3 0 0 0
403 930456 0 0 4 15 37 53 43 19 12 4 0 0
404 930707 1 4 6 30 61 44 24 9 2 1 0 0
405 929918 4 8 11 39 60 38 11 5 0 3 0 0
406 930387 4 6 10 23 41 58 25 10 7 3 0 0
407 930696 4 5 11 25 60 51 18 8 1 1 0 0
408 930401 0 0 1 11 29 61 40 27 13 6 0 0
409 929781 0 0 4 10 37 56 48 12 11 7 0 0
410 929970 3 5 6 16 30 48 35 24 17 10 0 0
411 930594 0 1 7 19 55 59 31 8 3 1 0 0
412 930623 11 19 31 43 45 18 5 5 1 1 0 0
413 930235 1 3 7 17 57 55 35 8 3 5 0 0
414 930590 2 4 15 55 73 32 6 1 0 1 0 0
415 930430 1 0 2 15 29 55 54 17 8 8 0 0
416 930773 3 3 12 31 41 45 26 12 10 6 0 0
417 929981 2 9 21 49 44 33 12 3 0 2 0 0
418 930647 0 3 13 30 57 48 23 8 3 3 0 0
419 930407 10 10 33 32 35 26 18 14 4 3 0 0
420 930799 6 21 34 62 44 14 1 0 0 2 0 0
421 930472 1 0 2 20 48 64 27 14 8 4 0 0
422 930741 1 3 4 24 53 53 34 12 6 3 0 0
423 930783 0 1 10 22 66 52 18 7 5 2 0 0
424 930233 1 0 10 28 65 48 18 9 2 1 0 0
425 930446 2 5 9 25 61 46 23 2 3 1 0 0
426 930644 1 3 7 17 44 62 28 9 6 6 0 0
427 930771 7 10 16 39 44 31 14 11 4 3 0 0
428 930444 2 2 6 28 45 38 28 9 16 6 0 0
429 929810 2 3 4 12 38 54 40 13 11 4 0 0
430 930306 1 2 5 31 59 51 23 7 1 2 0 0
431 930711 1 1 3 23 46 51 39 14 6 8 0 0
432 930660 1 0 4 5 41 55 43 23 7 6 0 0
433 930445 0 4 11 26 50 56 22 9 4 2 0 0
434 930435 0 0 6 9 48 55 41 17 6 5 0 0
435 930600 2 9 21 46 52 31 15 10 0 4 0 0
436 930258 16 13 35 49 42 18 2 1 0 1 0 0
437 930737 2 4 11 32 65 43 19 1 1 1 0 0
438 930727 1 2 11 33 69 46 15 6 0 3 0 0
439 930785 3 3 9 35 63 49 9 3 2 3 0 0
440 930789 0 1 4 19 49 65 28 12 3 7 0 0
441 930758 0 1 6 22 54 50 30 11 4 2 0 0
442 930602 2 7 15 49 57 34 11 4 2 1 0 0
443 930004 0 3 9 34 56 50 21 9 1 5 0 0
444 930742 4 5 12 33 52 32 22 11 2 8 0 0
445 930240 4 8 13 46 55 34 14 3 3 4 0 0
446 929957 1 2 6 23 62 57 23 8 3 2 0 0
447 929843 0 3 1 16 68 62 24 10 7 1 0 0
448 930650 0 1 3 15 49 68 19 20 7 3 0 0
449 930662 1 0 14 42 69 43 11 6 2 1 0 0
450 930630 3 16 37 47 58 19 1 0 1 1 0 0
451 930753 1 4 16 44 72 34 12 3 1 1 0 0
452 930373 32 23 38 43 31 10 6 2 1 4 0 0
453 930769 3 1 6 29 59 62 13 7 4 1 0 0
454 930040 0 0 1 7 31 68 36 34 13 8 0 0
455 930411 2 2 13 28 62 47 24 2 0 3 0 0
456 930587 1 3 10 21 40 57 31 17 5 6 0 0
457 930329 2 2 7 28 59 57 19 12 1 3 0 0
458 444094 0 2 6 31 95 49 18 8 0 1 0 0
459 444771 7 7 25 71 71 23 2 1 1 1 0 0
460 445231 0 0 4 11 49 69 36 27 14 7 0 0
461 445317 1 2 2 35 80 54 23 9 3 2 0 0
462 444309 1 0 6 25 97 53 20 6 0 3 0 0
463 443745 2 1 5 23 53 56 27 20 7 10 0 0
464 444029 0 0 1 8 51 84 46 22 6 5 0 0
465 445235 0 0 4 28 88 53 21 7 4 1 0 0
466 443262 1 5 18 57 79 32 11 7 1 2 0 0
467 444465 1 0 2 7 46 61 37 34 19 11 0 0
468 442503 2 2 7 35 72 60 17 11 4 1 0 0
469 445067 0 0 1 14 45 72 38 26 11 5 0 0
470 444887 0 0 4 15 77 68 29 13 5 2 0 0
471 445144 1 0 1 22 96 59 19 8 2 1 0 0
472 444245 2 2 15 61 66 39 17 0 1 1 0 0
473 444200 2 1 12 44 77 48 15 8 3 1 0 0
474 443773 1 3 16 62 77 42 14 2 0 1 0 0
475 444242 1 1 8 32 78 67 20 4 1 2 0 0
476 445191 4 8 23 60 66 27 13 7 1 0 0 0
477 444777 2 3 9 30 89 48 19 7 4 1 0 0
478 444381 0 1 2 21 95 58 23 8 2 4 0 0
479 444986 5 8 16 48 68 40 15 8 0 1 0 0
480 443926 0 3 5 30 81 61 19 6 3 2 0 0
481 445199 3 6 13 37 74 45 25 6 2 1 0 0
482 444966 0 0 0 5 21 60 48 47 18 17 0 0
483 445201 2 10 20 67 72 27 7 1 1 1 0 0
484 444885 1 1 9 20 69 59 27 10 8 3 0 0
485 444009 0 1 3 15 71 71 26 17 4 3 0 0
486 443092 4 4 9 34 60 45 26 13 7 4 0 0
487 444647 1 2 5 24 52 50 42 20 13 5 0 0
488 444667 5 12 24 52 59 25 19 4 4 2 0 0
489 445194 2 2 5 26 74 64 26 12 4 1 0 0
490 444271 2 3 5 20 48 47 38 21 12 15 0 0
491 445214 5 3 9 28 63 41 25 16 9 10 0 0
492 445270 1 3 13 48 88 37 18 1 0 1 0 0
493 444655 2 1 6 27 55 55 38 16 8 3 0 0
494 443402 0 1 4 25 86 53 27 7 5 1 0 0
495 445339 1 6 20 72 81 22 5 2 1 1 0 0
496 444941 2 4 10 38 82 53 13 4 2 2 0 0
497 445263 1 1 2 15 64 66 33 10 13 6 0 0
498 444281 0 2 9 29 52 69 22 13 2 11 0 0
499 445097 1 4 11 50 82 40 8 4 4 2 0 0
500 444681 0 0 4 19 75 61 29 15 4 6 0 0
501 444395 1 2 16 50 86 34 11 2 1 1 0 0
502 443914 1 4 8 39 81 43 15 5 5 4 0 0
503 445367 1 1 2 10 44 55 42 27 23 14 0 0
504 444910 1 1 5 20 64 67 34 13 4 4 0 0
505 444102 0 0 3 17 74 61 33 18 5 3 0 0
506 445005 5 8 18 62 64 34 14 4 2 2 0 0
507 445337 1 0 4 20 69 58 31 13 8 3 0 0
508 445070 2 5 14 49 77 28 14 8 3 3 0 0
509 444995 0 0 4 21 57 64 40 24 8 2 0 0
510 445046 3 2 13 54 80 39 10 5 1 1 0 0
511 444415 0 2 4 29 48 67 26 19 11 7 0 0
512 443072 6 6 9 37 73 41 17 13 4 2 0 0
513 445312 6 17 31 78 54 18 2 0 1 2 0 0
514 443543 6 6 22 63 70 27 13 2 0 3 0 0
515 445325 1 2 7 35 93 50 21 2 1 1 0 0
516 149173 0 1 12 14 54 91 90 62 28 17 0 0
517 149385 3 17 39 99 116 59 11 6 3 0 0 0
518 149531 2 5 20 69 122 75 43 18 5 2 0 0
519 149172 4 10 40 95 107 65 28 2 2 0 0 0
520 149446 18 42 67 103 76 31 12 4 1 1 0 0
521 149522 5 14 44 112 109 52 15 7 4 2 0 0
522 149492 2 5 16 58 105 91 42 23 14 5 0 0
523 148385 6 6 23 40 88 83 66 31 20 8 0 0
524 149436 5 11 44 63 88 74 31 22 10 1 0 0
525 149537 6 19 81 100 85 37 16 4 1 0 0 0
526 148244 4 5 13 41 68 89 68 50 15 11 0 0
527 149450 0 10 21 62 90 84 50 27 12 4 0 0
528 149087 10 20 53 93 110 41 14 11 5 0 0 0
529 148139 6 17 52 101 113 44 14 5 3 1 0 0
530 149576 0 9 24 82 100 67 47 19 10 1 0 0
531 149547 22 51 56 84 85 29 8 8 3 0 0 0
532 149526 3 7 17 61 119 84 37 16 8 2 0 0
533 148335 2 19 40 82 118 70 20 9 3 0 0 0
534 149500 0 10 19 53 107 84 48 20 10 4 0 0
535 149383 2 13 31 115 125 43 17 6 3 0 0 0
536 149230 6 7 21 61 88 92 56 24 7 4 0 0
537 149257 5 10 32 83 116 66 26 18 1 1 0 0
538 149299 12 22 45 100 95 54 16 5 1 4 0 0
539 148714 8 10 23 51 82 79 55 34 17 10 0 0
540 149112 2 9 19 62 110 95 38 16 10 6 0 0
541 148124 1 6 15 37 86 95 68 35 17 7 0 0
542 149050 0 6 14 45 93 81 60 31 19 19 0 0
543 149427 1 10 39 70 113 61 35 12 5 1 0 0
544 149233 21 38 62 102 79 41 24 5 1 0 0 0
545 149545 46 35 85 79 82 30 6 4 1 0 0 0
546 149428 6 5 31 65 80 84 49 23 10 4 0 0
547 148849 2 5 32 59 110 85 37 12 9 1 0 0
548 149467 4 31 48 101 96 40 11 12 1 1 0 0
549 148587 2 3 13 39 80 94 55 32 29 11 0 0
550 149078 4 9 37 85 112 70 21 9 3 1 0 0
551 147836 50 57 72 104 62 16 3 2 0 0 0 0
552 148702 8 14 30 66 94 73 46 14 5 3 0 0
553 149542 2 9 30 88 112 61 29 17 4 0 0 0
554 149268 11 3 18 41 89 77 53 31 11 11 0 0
555 149512 2 12 45 86 106 64 28 10 1 1 0 0
556 149259 6 9 18 57 119 77 40 26 2 4 0 0
557 149517 0 2 10 36 104 93 60 41 18 5 0 0
558 149459 11 13 31 88 125 55 18 7 2 0 0 0
559 149252 6 7 20 76 115 78 30 14 9 1 0 0
560 148631 7 14 39 62 86 61 43 21 12 1 0 0
561 147792 11 21 47 87 97 63 20 9 3 1 0 0
562 149376 4 11 30 55 119 79 43 12 5 1 0 0
563 149441 3 12 44 110 109 62 14 7 3 1 0 0
564 148768 2 7 46 94 112 59 24 8 5 1 0 0
565 149521 3 12 20 59 102 92 38 23 11 4 0 0
566 147906 26 51 81 93 63 20 6 6 2 0 0 0
567 149574 3 17 39 91 111 70 18 9 6 1 0 0
568 149561 2 18 46 104 107 44 14 11 4 0 0 0
569 149346 2 8 27 90 134 55 29 8 4 0 0 0
570 149249 2 4 32 93 129 63 32 4 2 0 0 0
571 149601 4 7 32 67 105 71 39 14 8 3 0 0
572 149544 4 14 32 72 130 51 26 12 3 3 0 0
573 149199 4 11 36 94 113 66 14 11 4 0 0 0
574 148908 5 11 25 71 115 76 27 19 3 3 0 0
575 148567 4 9 28 79 131 69 22 16 4 2 0 0
576 149236 5 13 41 83 127 53 26 10 1 0 0 0
577 149017 1 3 16 69 97 93 46 25 4 1 0 0
578 148342 3 3 24 49 118 80 55 20 3 1 0 0
579 149552 0 5 15 46 105 99 55 21 4 4 0 0
580 149509 5 24 55 99 100 36 19 7 3 0 0 0
581 148701 4 8 31 105 115 52 19 12 0 1 0 0
582 148347 5 16 32 71 96 67 41 19 6 3 0 0
583 149571 0 6 36 79 105 78 29 10 5 0 0 0
584 148787 5 9 30 110 106 55 25 8 4 2 0 0
585 149570 4 20 47 75 104 54 26 16 4 1 0 0
586 149524 9 12 22 47 86 79 41 39 15 2 0 0
587 149130 1 11 30 102 125 55 23 8 4 0 0 0
588 148523 4 13 39 81 118 64 28 6 4 2 0 0
589 149209 1 3 13 35 83 85 72 46 16 11 0 0
590 149533 5 18 35 76 113 60 28 11 4 1 0 0
591 149553 2 2 5 11 37 62 49 77 57 74 0 0
592 149364 4 7 30 74 112 79 19 20 4 3 0 0
593 149382 0 3 14 52 108 95 52 24 8 5 0 0
594 149386 1 5 9 46 98 107 54 25 7 7 0 0
595 149353 6 15 53 101 103 50 14 9 4 2 0 0
596 149287 2 15 30 91 117 68 18 7 2 0 0 0
597 148490 1 4 17 48 111 109 33 15 8 3 0 0
598 148888 1 3 14 47 102 111 54 22 5 5 0 0
599 149519 13 13 35 71 94 69 45 18 5 6 0 0
600 149462 4 18 56 105 91 51 25 9 4 0 0 0
601 149432 8 14 34 85 100 64 33 11 2 1 0 0
602 149186 6 16 40 83 82 64 34 18 5 2 0 0
603 149234 2 7 29 62 100 83 41 26 5 3 0 0
604 149596 2 20 47 97 110 54 15 7 1 0 0 0
605 149612 2 10 17 55 105 89 58 21 10 1 0 0
606 148584 1 5 30 76 123 57 31 12 5 0 0 0
607 147834 7 13 34 62 85 79 41 26 6 7 0 0
608 149476 2 4 13 41 91 81 59 34 12 6 0 0
609 149586 3 22 60 97 98 49 10 5 1 2 0 0
610 148869 3 18 34 88 119 62 19 12 6 1 0 0
611 149171 2 5 23 66 110 90 38 23 2 2 0 0
612 149248 0 7 23 56 94 83 51 30 13 4 0 0
613 149613 2 8 17 42 81 83 63 28 17 9 0 0
614 148748 5 7 16 42 86 108 62 24 11 3 0 0
615 148533 3 5 18 51 86 87 55 32 9 2 0 0
616 149516 1 0 7 16 30 57 70 73 62 56 0 0
617 149458 1 8 17 63 114 79 46 22 8 0 0 0
618 149258 3 17 27 77 91 77 33 14 4 1 0 0
619 149597 6 9 31 61 96 78 41 19 9 3 0 0
620 148562 6 15 43 76 98 64 30 22 4 1 0 0
621 147786 5 29 51 141 85 22 10 3 2 1 0 0
622 149281 3 9 22 80 121 74 34 10 7 0 0 0
623 149435 1 8 37 97 124 52 22 14 3 1 0 0
624 149185 3 10 22 75 112 60 32 23 6 2 0 0
625 149466 3 7 36 89 116 68 21 13 5 2 0 0
626 149301 1 7 14 47 90 84 47 42 14 6 0 0
627 149564 1 7 29 86 115 76 27 19 6 2 0 0
628 149378 7 5 15 53 90 97 44 30 13 4 0 0
629 149342 3 13 29 76 129 57 18 8 4 1 0 0
630 147924 1 5 20 56 115 98 41 21 3 1 0 0
631 149421 7 17 35 70 88 70 34 20 8 5 0 0
632 149174 6 14 28 72 89 90 32 21 9 1 0 0
633 148296 7 19 47 99 93 53 23 7 2 0 0 0
634 148459 2 9 26 68 134 68 37 13 5 2 0 0
635 148084 2 5 20 39 94 92 53 32 12 9 0 0
636 149433 2 11 17 63 111 78 42 14 7 5 0 0
637 149599 4 10 19 60 96 87 50 18 10 2 0 0
638 148313 0 3 12 40 101 89 54 25 20 8 0 0
639 149508 5 12 53 102 112 46 11 11 3 0 0 0
640 148031 11 24 59 106 85 47 15 7 4 3 0 0
641 148024 5 7 37 83 107 67 24 7 8 0 0 0
642 149343 5 21 59 128 104 30 7 6 1 0 0 0
643 149527 3 9 16 47 85 84 59 40 21 6 0 0
644 148423 5 11 40 105 117 59 16 5 2 0 0 0
645 149551 2 6 15 47 108 92 61 26 5 2 0 0
646 148685 5 14 29 107 122 53 20 6 3 0 0 0
647 149344 0 2 9 34 90 108 66 28 21 8 0 0
648 149296 4 16 36 73 97 80 21 11 5 1 0 0
649 148906 2 15 41 89 122 49 17 9 3 2 0 0
650 148249 3 4 22 65 118 80 41 22 3 3 0 0
651 149365 2 7 23 50 133 75 39 18 5 1 0 0
652 149609 9 14 39 79 100 78 33 13 5 3 0 0
653 149598 3 8 18 56 99 79 55 15 14 5 0 0
654 149086 13 31 64 104 85 35 8 11 3 1 0 0
655 149246 3 13 48 99 97 71 17 4 3 0 0 0
656 149611 6 12 22 61 104 78 35 26 12 1 0 0
657 147815 3 11 43 86 107 69 29 9 2 1 0 0
658 148542 15 38 63 130 75 29 7 3 2 0 0 0
659 148608 6 14 45 85 105 46 26 10 3 1 0 0
660 149610 3 7 22 64 118 83 35 15 4 4 0 0
661 149212 6 21 40 107 108 48 16 4 7 1 0 0
662 149019 2 10 21 35 72 81 79 28 19 15 0 0
663 148916 2 14 32 99 101 65 24 7 3 1 0 0
664 149600 2 5 20 69 103 76 48 23 9 3 0 0
665 149395 4 12 20 76 113 71 37 12 5 2 0 0
666 149503 2 8 17 47 93 87 50 34 16 5 0 0
667 149402 9 12 18 63 96 85 40 23 8 5 0 0
668 149245 7 13 43 70 99 62 29 13 3 2 0 0
669 149313 0 11 21 33 73 76 47 44 27 17 0 0
670 149577 3 12 20 74 122 76 38 12 7 1 0 0
671 149213 2 7 27 60 124 87 36 12 3 2 0 0
672 149373 3 8 18 77 122 76 30 17 6 0 0 0
673 149217 1 4 15 40 95 93 66 30 12 5 0 0
674 149197 10 9 29 48 107 71 42 16 15 7 0 0
675 148656 0 6 16 47 97 87 53 39 12 3 0 0
676 149507 10 26 37 97 103 46 17 7 5 1 0 0
677 149523 1 2 11 28 76 113 76 35 19 8 0 0
678 149253 0 5 9 37 100 106 56 35 10 4 0 0
679 147859 20 21 61 105 88 41 16 6 2 1 0 0
680 147996 17 39 66 102 84 26 9 3 2 0 0 0
681 149556 3 7 18 57 94 96 52 20 6 3 0 0
682 149241 1 9 18 40 98 82 62 33 10 8 0 0
683 775607 0 0 3 17 54 65 34 10 4 3 0 0
684 775599 0 4 13 39 78 32 9 3 2 1 0 0
685 775596 2 0 4 15 44 60 35 19 7 3 0 0
686 775050 2 10 30 42 59 30 6 0 0 3 0 0
687 774585 0 6 8 21 77 51 14 5 4 1 0 0
688 774319 0 2 4 16 58 70 27 12 1 2 0 0
689 775248 0 1 6 15 42 65 29 21 9 8 0 0
690 774463 4 4 11 34 75 40 13 0 2 3 0 0
691 775601 0 3 7 22 74 57 16 1 0 2 0 0
692 775669 3 4 9 21 41 49 20 19 7 9 0 0
693 775708 0 1 4 8 62 55 38 15 6 1 0 0
694 774796 3 8 23 48 56 30 11 1 2 2 0 0
695 774683 1 2 26 57 81 14 3 1 0 1 0 0
696 775651 0 4 5 17 69 59 22 2 0 1 0 0
697 775704 0 1 2 8 51 49 38 21 11 5 0 0
698 775309 0 1 3 21 74 57 19 4 0 1 0 0
699 774139 2 4 7 17 37 67 31 14 7 5 0 0
700 775698 0 0 2 10 55 75 25 10 2 1 0 0
701 774728 0 0 5 20 38 64 36 18 5 3 0 0
702 775041 0 0 0 5 27 61 56 31 11 4 0 0
703 775665 2 7 29 48 60 26 2 4 1 2 0 0
704 774708 0 1 5 24 58 51 27 10 5 3 0 0
705 774687 3 0 7 16 54 56 32 8 7 3 0 0
706 775660 0 1 2 9 35 64 53 18 7 5 0 0
707 775705 2 3 2 13 46 60 32 14 6 7 0 0
708 775662 0 0 6 20 54 52 33 12 5 3 0 0
709 775074 0 1 10 21 66 48 17 9 3 3 0 0
710 775318 0 0 5 11 40 70 42 14 5 2 0 0
711 775431 0 5 8 34 78 42 10 5 4 3 0 0
712 775258 0 1 13 38 70 39 19 4 0 5 0 0
713 775278 0 0 3 9 40 60 48 23 7 2 0 0
714 774062 3 4 19 50 59 29 7 1 0 2 0 0
715 775700 0 1 6 34 87 43 8 3 0 1 0 0
716 774900 0 1 4 18 54 64 32 9 2 1 0 0
717 774524 0 1 3 11 43 58 41 16 5 2 0 0
718 774871 0 1 3 5 25 50 55 31 12 10 0 0
719 775205 0 0 2 18 46 60 41 15 4 7 0 0
720 775280 1 2 13 40 71 41 11 1 1 2 0 0
721 775294 0 1 4 18 66 55 34 4 2 3 0 0
722 775603 1 7 24 49 53 29 13 4 3 2 0 0
723 775713 1 5 14 37 54 42 15 9 1 3 0 0
724 775367 1 3 5 20 51 56 31 11 5 6 0 0
725 775583 10 12 23 43 52 30 8 5 3 5 0 0
726 775072 2 4 23 57 70 18 7 0 0 2 0 0
727 775209 6 5 22 55 65 18 4 1 0 2 0 0
728 775692 9 12 19 37 45 41 7 4 2 4 0 0
729 774643 3 3 15 40 82 28 12 3 0 3 0 0
730 774455 0 2 4 31 71 52 17 2 5 1 0 0
731 775120 2 5 11 29 60 53 21 2 2 3 0 0
732 775302 0 0 4 15 62 69 26 8 5 1 0 0
733 774593 1 1 13 29 80 45 11 5 1 1 0 0
734 775414 0 2 7 14 61 53 24 11 2 5 0 0
735 775712 1 2 1 15 39 60 45 20 9 2 0 0
736 775691 0 2 8 41 85 28 11 2 0 1 0 0
737 774066 0 1 2 3 25 56 59 18 8 11 0 0
738 775268 2 8 12 47 72 33 9 1 0 3 0 0
739 775511 0 1 2 6 42 79 50 11 3 3 0 0
740 775416 0 1 17 49 82 27 6 2 0 2 0 0
741 775415 1 5 12 38 83 25 10 2 0 1 0 0
742 775533 1 9 24 52 58 19 6 5 1 1 0 0
743 775287 1 6 15 31 57 47 18 5 3 5 0 0
744 774510 0 3 9 9 35 54 29 24 8 13 0 0
745 775082 0 0 0 1 26 50 49 37 14 15 0 0
746 774846 1 0 3 3 22 47 50 33 15 13 0 0
747 774453 1 5 19 39 74 30 13 1 2 1 0 0
748 775717 27 33 42 36 27 7 5 2 1 4 0 0
749 775434 0 3 3 15 36 70 34 19 7 4 0 0
750 775683 1 1 4 24 73 49 23 1 2 2 0 0
751 775422 1 5 12 27 84 42 8 6 0 2 0 0
752 775696 1 2 4 14 53 67 29 7 2 3 0 0
753 775539 0 5 11 28 67 54 15 4 2 2 0 0
754 775164 0 1 2 14 47 67 30 16 4 5 0 0
755 775079 0 3 6 30 68 48 19 6 1 1 0 0
756 774884 0 10 11 36 74 28 16 2 1 1 0 0
757 775103 0 0 0 10 42 57 34 31 7 9 0 0
758 775019 0 4 9 19 61 60 18 7 2 2 0 0
759 774591 1 2 6 24 62 58 25 5 2 2 0 0
760 775015 0 1 1 2 16 58 49 33 20 13 0 0
761 775510 5 7 15 55 56 27 6 1 1 1 0 0
762 775517 2 4 24 40 71 35 4 2 0 1 0 0
763 774870 2 6 7 35 73 52 7 5 2 1 0 0
764 775308 0 0 0 5 21 59 51 38 10 6 0 0
765 775259 0 2 3 24 60 57 25 9 2 2 0 0
766 775668 0 2 13 30 77 37 11 2 1 1 0 0
767 775106 0 3 9 38 62 51 17 6 2 1 0 0
768 774396 6 12 36 57 55 8 3 0 0 2 0 0
769 775679 0 4 6 25 74 48 15 7 1 2 0 0
770 775435 2 12 28 61 63 14 1 0 0 3 0 0
771 775007 1 3 13 31 77 38 8 4 0 2 0 0
772 775441 0 1 4 13 55 71 40 8 2 1 0 0
773 774794 1 1 7 22 70 49 25 7 1 4 0 0
774 775545 0 2 2 4 35 63 47 27 11 2 0 0
775 775432 1 6 18 55 70 26 3 0 0 2 0 0
776 775521 1 3 8 26 56 52 33 12 2 1 0 0
777 774992 11 29 45 52 24 14 3 0 0 2 0 0
778 775675 0 1 4 8 38 61 36 19 9 4 0 0
779 775235 0 3 10 26 70 51 9 7 2 2 0 0
780 775711 0 4 12 30 67 44 20 3 1 2 0 0
781 775570 0 1 5 16 55 72 26 11 2 2 0 0
782 775135 0 2 11 33 75 44 13 0 2 1 0 0
783 775250 1 1 5 15 43 57 29 25 9 6 0 0
784 774232 0 3 7 34 57 53 16 3 4 3 0 0
785 775301 6 5 35 50 68 11 1 1 0 2 0 0
786 775424 10 19 26 53 53 16 5 1 1 1 0 0
787 775516 0 2 7 18 53 59 24 9 4 2 0 0
788 775021 0 1 1 15 45 78 28 14 8 1 0 0
789 775694 5 8 13 49 71 24 7 1 0 1 0 0
790 775661 0 1 3 7 30 55 50 26 11 5 0 0
791 775172 0 4 5 36 68 52 12 7 2 1 0 0
792 775690 0 0 4 22 66 63 12 8 3 1 0 0
793 775532 0 1 2 0 22 52 59 35 15 9 0 0
794 775430 3 5 14 48 73 22 7 2 0 1 0 0
795 775418 0 0 5 19 57 51 33 17 1 4 0 0
796 775646 0 1 3 11 55 77 22 8 5 1 0 0
797 775426 0 2 9 24 64 49 22 8 3 3 0 0
798 775544 8 8 30 52 48 25 9 4 1 3 0 0
799 775687 0 1 6 4 32 65 40 19 10 5 0 0
800 775400 2 1 11 9 37 55 35 30 7 2 0 0
801 775591 2 5 14 42 63 46 6 2 2 1 0 0
802 775277 0 2 5 19 60 70 27 10 1 1 0 0
803 775000 3 6 17 44 82 26 8 2 0 2 0 0
804 775702 0 1 2 9 17 46 48 38 14 21 0 0
805 774576 0 0 8 20 66 68 21 2 1 3 0 0
806 775518 1 5 11 36 100 22 6 1 0 1 0 0
807 775658 0 2 9 48 85 29 7 2 0 2 0 0
808 775073 1 8 15 60 68 16 2 2 0 1 0 0
809 775648 4 11 24 52 54 26 3 1 2 1 0 0
810 775552 0 8 11 23 49 46 32 7 4 6 0 0
811 775051 4 5 16 51 55 34 10 3 3 1 0 0
812 775360 2 2 12 24 49 59 23 8 1 3 0 0
813 775659 2 3 18 41 69 31 10 2 0 2 0 0
814 775377 0 1 2 8 26 77 44 23 8 2 0 0
815 689114 0 0 2 4 23 67 77 48 31 27 0 0
816 689637 0 0 2 6 15 56 64 64 52 24 0 0
817 689304 2 4 32 65 86 41 19 13 2 1 0 0
818 689730 1 4 23 50 127 41 13 3 1 0 0 0
819 689735 0 3 7 11 57 80 64 27 8 2 0 0
820 689627 2 12 19 80 98 38 17 1 1 0 0 0
821 689718 17 23 34 73 76 28 13 2 1 0 0 0
822 689766 0 7 16 45 95 72 25 8 3 1 0 0
823 688999 1 11 26 62 86 37 21 6 2 1 0 0
824 688856 0 5 16 68 101 37 20 6 1 1 0 0
825 689470 2 2 16 28 78 74 46 13 2 1 0 0
826 689714 9 26 50 81 60 15 11 6 2 1 0 0
827 689641 0 2 3 14 43 61 65 47 31 20 0 0
828 689645 0 3 13 31 95 68 33 10 5 4 0 0
829 689717 3 2 11 22 104 74 31 8 4 0 0 0
830 688016 8 20 37 86 78 12 10 3 1 0 0 0
831 688008 0 2 8 20 79 88 51 17 5 3 0 0
832 689443 1 6 3 22 76 68 45 28 9 6 0 0
833 689801 0 1 1 21 74 76 45 36 8 1 0 0
834 689626 0 3 19 36 97 57 28 11 6 4 0 0
835 688646 0 8 18 55 106 48 12 6 1 0 0 0
836 689802 56 43 48 58 28 13 3 1 2 0 0 0
837 689748 18 12 20 59 84 43 17 5 3 2 0 0
838 688533 0 0 1 14 36 73 56 58 26 13 0 0
839 689797 1 2 11 28 87 76 38 15 5 0 0 0
840 689787 30 15 28 54 70 44 8 7 2 0 0 0
841 689624 0 7 16 53 104 44 25 7 2 0 0 0
842 689544 0 3 10 26 74 86 45 10 11 2 0 0
843 688752 2 1 10 16 76 72 39 30 15 4 0 0
844 689765 0 2 4 28 61 77 60 21 8 3 0 0
845 689755 20 24 58 72 44 23 8 6 1 0 0 0
846 688205 0 1 1 4 24 62 55 51 39 36 0 0
847 689103 0 1 12 29 83 91 36 6 6 0 0 0
848 689803 1 8 22 41 111 62 18 6 1 0 0 0
849 688612 2 8 17 53 114 33 18 4 2 1 0 0
850 689695 15 17 42 79 65 32 17 7 1 0 0 0
851 689722 0 4 17 67 99 45 17 9 2 2 0 0
852 689596 1 0 6 17 48 88 54 26 14 3 0 0
853 689692 0 9 25 65 94 42 15 3 2 0 0 0
854 689588 0 0 4 14 49 83 69 32 12 7 0 0
855 689715 0 3 6 16 74 81 61 24 6 0 0 0
856 689666 2 5 33 46 103 54 16 5 4 0 0 0
857 688711 1 4 26 52 78 60 25 10 4 1 0 0
858 689784 0 1 3 10 39 67 62 50 24 14 0 0
859 689170 0 0 2 12 56 68 56 44 26 16 0 0
860 689558 0 1 0 5 22 67 67 54 42 22 0 0
861 689694 2 3 5 21 57 80 67 24 9 6 0 0
862 689702 2 2 2 7 15 31 62 56 54 50 0 0
863 689781 0 3 19 40 93 68 29 7 3 0 0 0
864 689651 6 12 41 85 72 24 8 3 6 0 0 0
865 689805 0 2 3 8 29 80 58 39 35 21 0 0
866 689740 2 2 2 14 60 73 69 26 14 2 0 0
867 689780 0 0 7 16 44 87 61 31 15 4 0 0
868 688389 0 2 11 41 89 69 33 12 3 1 0 0
869 689713 17 32 57 85 59 12 2 1 1 0 0 0
870 689262 3 6 26 80 102 22 15 5 4 1 0 0
871 689823 0 1 4 22 63 77 47 31 21 10 0 0
872 689215 1 5 8 41 83 66 40 22 10 0 0 0
873 689440 0 0 6 19 44 84 63 35 16 6 0 0
874 689706 2 3 9 32 85 63 44 15 8 4 0 0
875 689729 4 10 19 53 109 41 17 2 2 0 0 0
876 688820 2 4 9 42 102 61 21 11 4 1 0 0
877 689647 1 6 10 39 76 72 48 14 5 0 0 0
878 689710 5 8 26 50 81 55 24 10 2 2 0 0
879 689738 0 0 1 8 37 75 87 48 16 6 0 0
880 689772 0 1 4 21 55 81 53 34 15 5 0 0
881 689727 1 5 16 59 117 52 11 1 3 0 0 0
882 689542 0 3 9 31 102 63 33 14 8 1 0 0
883 689608 2 6 12 23 70 79 52 16 7 4 0 0
884 688360 1 4 6 18 78 81 45 21 21 7 0 0
885 689796 0 7 7 22 92 67 47 16 10 2 0 0
886 688434 0 3 14 37 78 81 29 16 11 6 0 0
887 689341 2 10 21 58 102 51 10 5 1 0 0 0
888 689762 0 2 1 11 23 60 68 54 30 19 0 0
889 689737 0 5 15 46 97 67 29 7 2 1 0 0
890 689500 1 5 10 29 106 70 29 6 3 1 0 0
891 689534 1 1 3 18 63 75 45 31 19 4 0 0
892 689826 3 8 23 58 101 49 11 0 1 1 0 0
893 688797 6 12 29 82 95 18 13 0 1 0 0 0
894 689244 1 2 7 11 70 81 52 27 13 3 0 0
895 688295 1 4 12 32 87 70 35 15 6 2 0 0
896 689768 0 1 13 51 107 52 23 6 5 1 0 0
897 689639 1 8 27 48 82 46 27 13 4 2 0 0
898 689274 0 2 4 14 64 92 61 21 13 2 0 0
899 689798 0 1 3 11 58 91 60 29 14 4 0 0
900 689699 0 7 19 46 111 52 19 5 1 1 0 0
901 689236 1 2 9 25 74 87 41 19 10 2 0 0
902 689095 0 3 11 26 86 68 47 10 8 1 0 0
903 689818 0 1 3 11 42 73 75 40 17 6 0 0
904 689719 2 10 27 71 78 38 26 2 1 0 0 0
905 689446 1 13 24 70 106 33 12 4 2 0 0 0
906 688548 0 6 10 33 95 73 32 9 7 1 0 0
907 689819 4 9 34 78 90 35 9 4 2 0 0 0
908 689457 8 13 28 77 80 31 16 5 1 0 0 0
909 688874 0 2 12 36 71 71 39 25 10 1 0 0
910 689455 0 2 11 23 85 78 46 12 3 1 0 0
911 689636 0 1 3 11 38 62 64 44 31 16 0 0
912 689071 1 7 9 35 93 63 36 14 4 4 0 0
913 689303 1 1 4 26 75 67 34 32 23 8 0 0
914 688924 0 2 5 33 94 63 41 17 8 2 0 0
915 689625 1 4 7 14 77 94 44 17 6 3 0 0
916 689688 1 4 3 25 89 67 43 19 7 1 0 0
917 689734 0 3 3 15 79 87 54 16 4 2 0 0
918 688679 4 4 16 45 95 55 27 11 1 2 0 0
919 689791 0 9 15 45 78 69 40 12 3 0 0 0
920 689643 4 18 41 83 78 14 6 5 1 0 0 0
921 689812 1 9 11 50 116 48 20 3 3 0 0 0
922 688969 2 8 24 68 101 38 10 4 3 1 0 0
923 689386 2 6 14 47 111 61 15 6 2 1 0 0
924 689620 1 4 4 5 32 74 67 45 34 14 0 0
925 689630 0 1 7 18 80 68 52 33 8 0 0 0
926 689790 0 5 3 16 55 84 60 34 8 8 0 0
927 689338 1 4 12 36 98 68 23 14 4 1 0 0
928 688039 1 4 28 61 95 44 18 3 3 2 0 0
929 688947 6 15 37 79 66 30 13 4 4 6 0 0
930 689509 3 10 23 64 98 46 13 9 3 0 0 0
931 689709 0 6 5 24 69 90 44 17 6 2 0 0
932 689216 4 8 12 61 87 55 24 8 4 1 0 0
933 689698 24 29 50 60 58 23 7 2 2 1 0 0
934 689302 3 11 39 79 85 28 9 1 2 1 0 0
935 688357 0 1 6 21 81 81 47 21 11 0 0 0
936 308886 10 20 39 76 40 13 1 0 1 2 0 0
937 307198 3 1 2 18 33 67 42 27 15 6 0 0
938 306592 4 9 14 41 63 56 15 6 3 0 0 0
939 307079 1 2 2 3 15 40 52 46 31 28 0 0
940 308509 8 16 30 51 47 35 4 4 3 2 0 0
941 308027 1 4 4 28 61 67 27 7 2 5 0 0
942 308404 3 2 4 20 59 69 30 22 5 4 0 0
943 306189 2 0 7 11 36 52 51 34 14 7 0 0
944 307522 1 0 3 15 38 69 38 25 8 2 0 0
945 307582 1 3 7 35 42 46 47 11 5 3 0 0
946 308877 1 1 6 11 51 76 42 19 2 2 0 0
947 307871 3 2 5 8 32 63 43 23 21 9 0 0
948 308880 0 4 11 41 73 38 24 5 4 1 0 0
949 308077 4 13 36 80 43 26 5 6 1 0 0 0
950 307930 0 2 5 17 65 62 41 13 4 4 0 0
951 306313 2 2 4 23 62 66 33 15 4 4 0 0
952 308356 0 4 10 17 56 66 23 16 9 3 0 0
953 308089 1 0 6 12 33 57 44 35 11 8 0 0
954 308466 0 4 10 27 68 66 18 9 1 1 0 0
955 308519 2 4 9 35 49 64 27 17 5 5 0 0
956 307619 3 3 10 20 64 44 46 18 7 3 0 0
957 308836 1 2 2 12 46 54 40 23 11 12 0 0
958 307196 2 2 1 10 19 37 56 41 27 27 0 0
959 308862 2 10 21 84 59 20 7 3 3 1 0 0
960 308117 0 11 20 54 72 24 4 7 0 2 0 0
961 306765 2 5 15 29 61 49 24 16 6 3 0 0
962 307148 0 2 10 30 68 59 17 12 4 1 0 0
963 308672 5 9 15 30 70 51 15 9 3 0 0 0
964 307116 0 2 6 29 56 54 38 12 6 2 0 0
965 308530 7 17 35 54 51 26 6 2 2 2 0 0
966 307939 2 5 10 28 81 49 24 9 6 0 0 0
967 308245 1 1 3 3 26 48 53 36 23 17 0 0
968 308315 2 2 3 17 46 67 50 14 12 3 0 0
969 308647 10 20 33 80 40 12 3 2 1 1 0 0
970 308869 5 13 20 66 55 37 9 3 1 1 0 0
971 308714 0 4 15 38 67 49 14 7 5 2 0 0
972 308680 1 0 4 10 39 63 42 27 18 6 0 0
973 308442 1 2 10 43 64 45 20 9 2 2 0 0
974 308889 1 1 4 23 75 58 32 16 4 3 0 0
975 308555 0 3 11 31 68 60 24 9 2 4 0 0
976 308357 14 23 29 34 49 24 13 10 5 3 0 0
977 308749 2 0 3 10 35 52 56 40 15 11 0 0
978 308795 1 6 9 43 68 52 23 5 3 2 0 0
979 308324 2 1 4 14 64 62 35 13 7 5 0 0
980 308851 1 4 12 34 62 50 29 7 7 3 0 0
981 307267 2 1 3 4 19 32 46 46 36 23 0 0
982 308291 1 6 17 45 52 61 17 12 4 0 0 0
983 307150 1 3 20 34 78 48 11 9 1 1 0 0
984 307606 1 2 13 26 59 50 36 16 5 5 0 0
985 308206 2 6 9 43 73 45 17 7 2 1 0 0
986 308119 5 14 10 41 49 55 20 6 2 2 0 0
987 307793 2 8 11 34 63 51 26 7 1 4 0 0
988 308532 0 4 7 31 71 50 29 6 5 3 0 0
989 308852 1 3 7 42 69 58 16 7 1 2 0 0
990 307726 2 0 2 9 16 47 61 33 18 22 0 0
991 308222 2 3 7 23 65 61 33 15 7 1 0 0
992 307719 6 19 36 53 62 23 6 5 1 1 0 0
993 308678 2 0 4 23 53 62 41 10 7 7 0 0
994 308752 2 7 14 40 77 37 14 6 2 3 0 0
995 308633 1 0 5 12 42 65 41 15 10 5 0 0
996 307007 1 3 10 31 62 53 28 11 8 6 0 0
997 307977 2 4 14 61 68 37 17 6 1 1 0 0
998 308420 2 2 10 30 67 58 29 9 4 2 0 0
999 308848 0 1 14 40 59 53 18 11 4 3 0 0
1000 308279 1 7 10 27 47 56 34 19 3 7 0 0
1001 306973 2 2 3 20 48 63 41 20 3 3 0 0
1002 307019 2 1 3 3 23 60 47 37 22 7 0 0
1003 308522 2 3 11 49 57 56 22 11 1 1 0 0
1004 308722 2 3 9 23 66 60 30 10 3 3 0 0
1005 307203 0 4 13 57 77 38 11 2 1 0 0 0
1006 308705 2 0 6 20 36 59 45 27 12 10 0 0
1007 307441 2 3 17 47 71 50 12 10 0 0 0 0
1008 307820 0 3 7 21 66 59 33 13 4 3 0 0
1009 308423 1 13 27 72 60 28 9 7 1 0 0 0
1010 308823 3 7 17 27 48 56 35 8 7 1 0 0
1011 307541 2 3 12 40 69 60 13 6 2 0 0 0
1012 306259 4 1 5 7 33 70 46 34 15 7 0 0
1013 308791 1 2 7 31 85 55 15 9 2 2 0 0
1014 308507 1 1 3 16 34 65 54 20 8 7 0 0
1015 308216 4 10 24 46 66 31 11 6 0 3 0 0
1016 308873 4 3 9 32 59 71 13 8 2 3 0 0
1017 307991 1 5 18 48 63 48 14 7 2 2 0 0
1018 307463 10 18 26 63 48 29 8 4 0 4 0 0
1019 308845 2 22 38 64 54 17 4 2 1 2 0 0
1020 307080 1 5 12 60 66 42 14 9 3 1 0 0
1021 308115 3 6 10 40 79 38 17 5 1 3 0 0
1022 307316 0 4 9 34 77 51 22 13 1 4 0 0
1023 308380 1 5 18 48 66 43 20 4 2 0 0 0
1024 307256 0 3 4 30 75 55 18 12 5 0 0 0
1025 306632 4 5 16 42 68 43 11 6 1 1 0 0
1026 308729 3 3 12 36 60 66 19 12 1 1 0 0
1027 308360 1 3 9 32 81 66 11 3 2 2 0 0
1028 308570 2 0 7 29 63 59 30 22 3 1 0 0
1029 306322 0 4 6 42 69 67 20 12 1 3 0 0
1030 308316 1 2 5 12 58 66 36 22 12 5 0 0
1031 307151 1 5 9 37 66 48 26 9 4 3 0 0
1032 308375 0 1 6 14 59 61 44 20 6 6 0 0
1033 308056 0 1 8 26 63 71 20 13 2 2 0 0
1034 308878 2 3 13 36 66 60 14 11 1 1 0 0
1035 308043 1 7 15 32 55 57 30 10 3 1 0 0
1036 308738 0 3 8 32 65 65 20 5 2 3 0 0
1037 308467 3 4 13 36 64 61 14 8 2 2 0 0
1038 308320 9 21 36 74 35 22 4 5 3 1 0 0
1039 308751 2 1 2 17 47 82 36 15 7 3 0 0
1040 307975 4 3 17 39 51 62 21 6 2 3 0 0
1041 308338 4 2 12 28 47 65 30 10 5 4 0 0
1042 307740 6 5 14 28 52 52 27 13 5 1 0 0
1043 308180 1 2 5 40 65 51 20 12 3 1 0 0
1044 308524 0 2 7 29 69 60 21 7 5 2 0 0
1045 308254 1 0 1 6 36 65 50 31 14 4 0 0
1046 308871 3 2 16 25 48 61 21 18 5 3 0 0
1047 308221 1 11 28 57 67 28 6 1 1 5 0 0
1048 308087 1 8 12 22 57 58 25 9 10 3 0 0
1049 307857 1 3 8 28 74 59 29 8 1 0 0 0
1050 308038 1 0 3 11 29 59 59 34 15 6 0 0
1051 308843 0 9 15 55 78 38 7 2 1 1 0 0
1052 308318 1 3 18 31 74 55 14 4 0 3 0 0
1053 308635 4 12 31 63 59 27 7 5 1 2 0 0
1054 307591 6 12 21 41 65 35 16 4 2 3 0 0
1055 307039 5 9 24 53 70 31 13 2 1 4 0 0
1056 307357 3 6 16 45 67 45 14 5 3 1 0 0
1057 307734 3 2 13 34 59 44 33 13 3 2 0 0
1058 308709 12 26 40 56 39 21 5 2 1 3 0 0
1059 307146 1 8 16 47 78 39 5 6 0 1 0 0
1060 308084 4 13 33 62 54 24 6 3 0 3 0 0
1061 307896 0 7 9 31 59 58 22 14 5 2 0 0
1062 308766 1 1 14 38 75 52 17 4 3 2 0 0
1063 308322 1 14 12 54 80 29 4 5 0 3 0 0
1064 308616 1 2 1 19 53 74 35 13 7 3 0 0
1065 307650 1 1 11 30 57 55 33 11 3 4 0 0
1066 308674 1 1 5 20 51 67 36 20 6 1 0 0
1067 307471 1 5 15 31 65 53 27 11 1 2 0 0
1068 308383 1 1 7 19 75 66 26 12 7 2 0 0
1069 308189 2 1 9 27 57 54 32 12 4 1 0 0
1070 308636 0 4 8 29 74 57 23 11 3 1 0 0
1071 307103 0 11 14 67 73 25 10 6 0 1 0 0
1072 308025 4 11 24 57 68 25 6 5 2 1 0 0
1073 308592 3 12 24 48 58 33 9 2 0 0 0 0
1074 308639 0 2 15 47 80 43 6 6 2 3 0 0
1075 308891 0 6 18 64 70 31 7 5 2 1 0 0
1076 307070 0 2 12 18 70 54 31 13 2 4 0 0
1077 308314 1 3 5 28 59 57 31 16 5 1 0 0
1078 307856 2 0 5 9 19 63 46 31 23 9 0 0
1079 307506 1 3 4 13 41 68 49 18 10 9 0 0
1080 308215 1 4 22 51 61 43 18 9 0 2 0 0
1081 308545 1 7 18 49 58 40 15 6 1 2 0 0
1082 308650 3 6 13 37 63 59 19 12 3 1 0 0
1083 308188 2 1 4 7 27 49 53 34 16 18 0 0
1084 308858 2 3 9 24 62 41 39 17 9 4 0 0
1085 308740 2 0 8 22 54 62 32 10 9 2 0 0
1086 308275 0 5 12 26 66 63 24 7 5 1 0 0
1087 308475 1 8 9 43 78 50 11 6 3 1 0 0
1088 306188 1 1 6 18 48 71 29 19 7 5 0 0
1089 308370 2 5 11 24 57 61 33 13 6 1 0 0
1090 308418 1 2 6 24 48 66 33 12 11 5 0 0
1091 306829 2 2 7 35 62 63 20 13 4 0 0 0
1092 308721 1 4 19 39 64 56 9 9 4 1 0 0
1093 308712 2 1 13 37 53 55 28 11 5 2 0 0
1094 308839 2 4 22 59 77 24 12 4 0 3 0 0
1095 307009 0 2 5 31 56 68 35 9 7 2 0 0
1096 308134 1 7 11 35 70 56 20 10 2 2 0 0
1097 308725 1 3 25 51 81 31 8 4 1 2 0 0
1098 308232 1 3 13 30 68 60 17 13 4 0 0 0
1099 308675 1 4 18 49 64 46 11 7 0 2 0 0
1100 308808 4 11 27 46 66 36 4 6 2 1 0 0
1101 307944 2 4 9 24 53 73 31 9 6 2 0 0
1102 308703 1 2 10 31 68 46 29 9 6 3 0 0
1103 308833 0 8 19 52 63 32 20 2 4 3 0 0
1104 306689 2 0 3 13 34 63 44 39 10 14 0 0
1105 308832 3 2 15 40 65 47 19 3 3 2 0 0
1106 308644 2 14 32 73 55 20 3 4 1 1 0 0
1107 306981 2 2 8 27 50 69 28 14 8 4 0 0
1108 307334 0 1 1 10 47 68 44 24 6 6 0 0
1109 307587 1 3 5 14 49 67 38 20 7 8 0 0
1110 308340 1 5 6 23 77 52 23 9 3 0 0 0
1111 307199 1 8 12 44 70 45 12 7 1 4 0 0
1112 307437 2 2 9 25 54 79 29 6 1 2 0 0
1113 307000 2 0 3 10 34 66 51 35 6 4 0 0
1114 308790 2 0 3 12 45 76 44 22 6 7 0 0
1115 307988 0 2 2 17 53 70 36 22 3 11 0 0
1116 308554 2 4 8 33 68 58 17 8 6 2 0 0
1117 308539 1 1 3 24 45 67 39 20 4 7 0 0
1118 307995 1 7 18 46 74 36 19 3 1 4 0 0
1119 307353 1 2 3 21 72 66 28 10 9 3 0 0
1120 308526 2 1 4 13 35 54 58 26 12 4 0 0
1121 307660 0 2 14 35 68 47 17 9 4 3 0 0
1122 306278 1 6 15 32 55 53 20 16 5 2 0 0
1123 308161 2 3 12 44 80 43 20 10 2 3 0 0
1124 308569 4 2 13 43 67 47 16 10 1 0 0 0
1125 307005 2 6 10 32 55 68 22 13 3 7 0 0
1126 308173 2 11 29 69 66 19 7 2 1 2 0 0
1127 307784 0 5 13 42 75 44 10 8 2 3 0 0
1128 349742 0 4 26 55 94 115 62 24 9 6 0 0
1129 350466 0 1 1 14 38 97 92 100 37 23 0 0
1130 349084 1 4 16 33 79 108 72 38 25 15 0 0
1131 350141 0 2 18 41 87 101 60 45 12 6 0 0
1132 348934 0 2 8 33 96 94 84 49 17 10 0 0
1133 348170 34 56 88 109 62 18 11 3 0 2 0 0
1134 350162 5 15 40 65 131 80 34 11 8 3 0 0
1135 348412 2 7 11 31 96 99 68 50 21 7 0 0
1136 350616 5 9 25 60 115 96 48 18 6 3 0 0
1137 350620 0 0 8 20 62 101 94 64 33 19 0 0
1138 350194 4 3 20 51 111 102 62 28 11 7 0 0
1139 349526 3 20 46 93 135 66 17 4 3 2 0 0
1140 350177 0 2 7 23 65 127 103 40 18 7 0 0
1141 350549 0 5 32 67 146 82 32 6 6 3 0 0
1142 351000 1 7 12 53 81 101 51 54 22 16 0 0
1143 351057 25 31 49 109 85 49 21 8 0 3 0 0
1144 350693 6 21 41 67 125 77 25 8 1 4 0 0
1145 350529 2 8 11 42 113 108 60 35 8 3 0 0
1146 349300 3 7 16 52 104 109 55 33 16 5 0 0
1147 349159 13 34 67 113 106 26 12 7 2 2 0 0
1148 350989 19 38 60 111 106 31 11 5 0 5 0 0
1149 348464 3 17 28 74 120 90 31 17 5 2 0 0
1150 348791 19 36 42 95 108 58 19 4 2 1 0 0
1151 350916 30 41 71 87 87 45 8 6 0 1 0 0
1152 349581 6 18 43 74 131 68 33 12 2 3 0 0
1153 349232 1 5 18 41 82 102 82 30 15 7 0 0
1154 350511 0 6 4 27 61 105 90 61 35 13 0 0
1155 350988 6 23 41 101 125 63 24 5 0 2 0 0
1156 350991 0 4 6 27 70 107 92 48 24 13 0 0
1157 348529 3 12 43 74 125 92 25 12 1 2 0 0
1158 350986 4 19 39 57 111 82 47 18 6 3 0 0
1159 349473 0 10 19 41 114 125 51 22 8 3 0 0
1160 348911 1 1 7 26 64 100 96 57 26 23 0 0
1161 349238 21 28 52 99 113 44 19 1 0 3 0 0
1162 350891 1 3 19 44 97 130 66 30 6 7 0 0
1163 349854 1 1 15 20 94 122 76 47 23 4 0 0
1164 348543 25 35 46 80 109 58 17 4 2 4 0 0
1165 349875 2 14 38 59 131 91 40 13 2 2 0 0
1166 350871 7 15 27 38 95 123 53 24 6 6 0 0
1167 350408 0 6 18 34 84 125 66 30 14 10 0 0
1168 348582 18 41 70 113 97 30 6 3 2 2 0 0
1169 350546 13 24 58 99 103 52 16 8 0 2 0 0
1170 349572 1 3 14 24 86 109 75 42 17 13 0 0
1171 349930 1 0 3 20 60 100 94 72 34 12 0 0
1172 350157 10 20 54 87 112 57 15 10 3 3 0 0
1173 350973 0 9 31 59 107 86 54 24 12 2 0 0
1174 350912 0 4 26 37 103 116 70 25 10 4 0 0
1175 350224 2 11 35 60 106 86 46 20 6 4 0 0
1176 348409 3 10 18 48 88 107 61 33 13 8 0 0
1177 348598 6 8 40 47 131 85 35 16 1 2 0 0
1178 350028 2 10 15 34 57 97 80 51 11 11 0 0
1179 349409 1 5 15 52 93 93 69 34 16 9 0 0
1180 350196 1 3 19 42 102 106 56 39 18 7 0 0
1181 348792 8 10 26 75 133 77 33 11 4 2 0 0
1182 350213 8 20 33 63 99 80 44 19 17 9 0 0
1183 350722 13 22 58 88 110 60 26 7 0 3 0 0
1184 349279 10 22 62 67 107 64 26 4 2 1 0 0
1185 350053 2 1 6 13 56 101 108 65 28 19 0 0
1186 348376 0 14 18 58 106 102 51 16 11 4 0 0
1187 350187 2 4 18 32 117 98 67 35 11 5 0 0
1188 349943 12 21 35 76 107 64 40 23 6 5 0 0
1189 348765 0 11 26 60 118 102 44 12 5 4 0 0
1190 351030 15 29 56 104 89 54 14 3 2 5 0 0
1191 348705 0 2 10 23 54 98 84 68 28 17 0 0
1192 350155 3 18 30 72 106 87 42 20 5 1 0 0
1193 348969 1 6 18 43 123 102 68 30 4 6 0 0
1194 350136 0 2 11 24 66 117 88 44 25 5 0 0
1195 348548 3 6 29 52 93 101 56 29 10 7 0 0
1196 350099 5 16 40 94 90 71 39 21 13 5 0 0
1197 349807 8 23 45 87 129 52 24 11 0 1 0 0
1198 348762 2 5 3 24 59 82 94 62 49 24 0 0
1199 348603 4 16 19 54 87 99 44 39 13 8 0 0
1200 350606 11 12 31 49 118 94 57 18 3 3 0 0
1201 348830 4 9 39 60 126 97 44 17 3 2 0 0
1202 349007 1 4 12 26 87 97 83 47 26 13 0 0
1203 349901 0 8 15 32 65 93 85 55 29 14 0 0
1204 350999 4 14 26 49 100 79 63 44 9 9 0 0
1205 349954 1 4 8 33 99 125 80 31 15 7 0 0
1206 348357 0 8 27 51 104 93 59 27 10 5 0 0
1207 349134 2 3 18 46 99 118 62 27 14 4 0 0
1208 348876 1 0 7 22 53 93 109 70 35 19 0 0
1209 350982 17 38 60 82 96 46 27 8 5 5 0 0
1210 350843 0 3 9 28 73 96 95 50 19 9 0 0
1211 350992 20 30 53 98 104 55 13 0 0 1 0 0
1212 349082 4 13 31 70 133 75 36 15 3 5 0 0
1213 349758 5 25 38 78 104 72 26 12 2 1 0 0
1214 348910 22 27 60 75 95 59 21 7 2 4 0 0
1215 349399 0 0 6 12 60 75 90 76 53 23 0 0
1216 350294 22 35 58 89 93 53 24 6 4 4 0 0
1217 350410 2 12 34 72 118 78 39 20 6 2 0 0
1218 349098 9 14 25 66 109 77 58 24 10 4 0 0
1219 350416 19 31 47 89 99 62 25 7 2 3 0 0
1220 350425 6 22 47 92 106 63 20 7 1 2 0 0
1221 350581 4 12 33 73 130 77 31 12 3 3 0 0
1222 350147 13 29 50 100 104 48 22 8 1 2 0 0
1223 350175 9 13 21 55 103 79 50 32 16 9 0 0
1224 351031 0 4 19 46 90 110 66 35 16 5 0 0
1225 348886 3 5 17 19 62 92 85 56 33 18 0 0
1226 349519 2 8 23 42 100 108 63 31 7 1 0 0
1227 349960 4 6 18 51 118 114 40 23 5 3 0 0
1228 350629 0 2 15 41 107 113 60 23 10 6 0 0
1229 350041 0 4 7 28 93 125 80 43 24 7 0 0
1230 349897 0 4 25 46 101 90 72 30 9 6 0 0
1231 349229 0 3 9 27 68 91 78 66 34 14 0 0
1232 351035 1 6 13 26 81 119 74 36 17 10 0 0
1233 349083 1 6 11 22 58 87 81 65 31 27 0 0
1234 350206 2 9 36 77 135 77 30 9 4 1 0 0
1235 349690 0 2 7 22 68 97 83 67 25 20 0 0
1236 349745 48 74 62 96 72 25 5 3 1 3 0 0
1237 347813 34 43 92 106 64 32 8 4 2 1 0 0
1238 350331 3 8 25 34 102 105 63 42 10 9 0 0
1239 350742 15 24 51 80 107 66 24 5 2 1 0 0
1240 348852 8 27 41 96 129 56 23 3 0 1 0 0
1241 349801 0 6 12 29 78 103 97 44 21 8 0 0
1242 348808 5 19 36 72 104 87 47 18 3 2 0 0
1243 348883 17 32 53 105 117 34 14 4 3 1 0 0
1244 351020 15 36 57 93 97 48 18 6 3 3 0 0
1245 350596 7 21 32 71 107 83 33 15 12 7 0 0
1246 350884 2 9 23 57 106 108 50 25 14 5 0 0
1247 348832 1 2 13 14 76 100 75 62 31 17 0 0
1248 348302 1 3 23 56 113 93 49 25 15 5 0 0
1249 350111 0 2 9 35 85 121 81 41 16 6 0 0
1250 348950 2 5 13 27 69 103 82 48 23 18 0 0
1251 347944 4 11 31 53 109 92 51 20 4 6 0 0
1252 349978 56 70 91 98 44 18 5 2 0 4 0 0
1253 349496 22 41 61 110 83 52 11 4 3 1 0 0
1254 349744 3 7 27 57 130 95 40 18 8 7 0 0
1255 351032 0 0 4 7 29 86 106 81 50 34 0 0
1256 350023 4 3 11 22 63 78 79 72 34 18 0 0
1257 349019 51 57 93 100 52 16 6 4 0 3 0 0
1258 349732 6 16 33 54 117 71 42 24 7 6 0 0
1259 349873 1 8 18 41 89 98 55 41 18 12 0 0
1260 349106 0 1 8 15 50 93 89 73 51 21 0 0
1261 351046 1 4 27 33 115 108 62 25 5 6 0 0
1262 351027 4 27 37 84 127 66 27 5 3 3 0 0
1263 350630 11 12 51 72 120 79 20 10 2 3 0 0
1264 349484 2 13 38 74 116 78 37 8 2 4 0 0
1265 348505 1 4 24 39 81 119 72 52 12 4 0 0
1266 349938 1 9 15 38 102 101 74 44 15 4 0 0
1267 350036 0 3 7 26 71 102 90 46 40 19 0 0
1268 349646 26 44 76 107 85 21 6 5 1 2 0 0
1269 350044 1 2 12 24 81 117 79 58 12 11 0 0
1270 350798 0 1 18 35 83 94 81 45 20 9 0 0
1271 350990 5 12 29 72 110 86 39 12 9 2 0 0
1272 349038 9 27 49 105 101 52 18 6 0 3 0 0
1273 349947 2 2 6 24 46 86 106 68 42 17 0 0
1274 349302 3 5 29 52 111 108 46 23 4 3 0 0
1275 349753 3 7 15 33 104 122 57 24 11 5 0 0
1276 349419 2 7 9 40 70 83 79 51 24 27 0 0
1277 350938 3 3 15 47 96 109 85 24 7 7 0 0
1278 350626 0 4 8 14 65 119 82 65 22 12 0 0
1279 350930 4 12 32 86 115 80 34 7 2 4 0 0
1280 349961 0 4 15 48 115 103 61 31 6 6 0 0
1281 349888 0 0 4 18 45 65 92 82 48 31 0 0
1282 349341 4 12 39 75 134 73 25 14 3 3 0 0
1283 351018 0 1 14 51 101 110 65 32 7 5 0 0
1284 349441 26 35 52 95 86 40 30 13 5 5 0 0
1285 349821 3 18 34 64 132 86 37 10 2 1 0 0
1286 348661 17 45 77 112 98 32 11 2 0 3 0 0
1287 350089 0 8 17 48 103 110 61 20 16 4 0 0
1288 349759 0 6 11 23 89 107 77 41 11 9 0 0
1289 348881 7 18 29 85 116 82 34 17 3 3 0 0
1290 349593 13 33 55 83 118 58 8 2 1 4 0 0
1291 268982 1 9 11 52 103 95 47 23 10 9 0 0
1292 267110 1 0 1 5 10 26 58 85 81 103 0 0
1293 267900 2 3 23 46 89 85 52 38 16 9 0 0
1294 268694 24 31 67 114 70 21 15 2 3 3 0 0
1295 268319 7 13 55 83 106 49 27 6 4 3 0 0
1296 267135 2 9 19 65 109 86 46 15 8 5 0 0
1297 267033 3 6 30 56 100 83 43 24 10 9 0 0
1298 268865 0 4 10 24 74 95 61 62 24 17 0 0
1299 266868 0 1 7 15 45 77 85 77 48 24 0 0
1300 266788 2 2 14 40 108 93 56 33 11 6 0 0
1301 266867 1 1 7 22 75 97 82 42 21 17 0 0
1302 268690 7 16 29 87 129 54 22 6 4 2 0 0
1303 269016 10 14 21 48 66 83 55 40 18 15 0 0
1304 268046 13 48 56 103 84 28 5 6 2 2 0 0
1305 268855 1 6 10 26 58 90 67 50 31 31 0 0
1306 268856 37 49 69 93 54 32 17 8 1 4 0 0
1307 267035 1 2 8 20 77 100 79 42 25 15 0 0
1308 268687 12 23 49 97 102 52 17 6 3 2 0 0
1309 269021 1 9 24 59 86 95 47 23 11 7 0 0
1310 267686 6 14 54 101 89 46 20 8 7 2 0 0
1311 267024 2 8 20 49 93 90 52 35 13 5 0 0
1312 267576 1 2 5 14 51 82 75 66 38 29 0 0
1313 268598 3 11 32 49 95 67 55 18 17 11 0 0
1314 268889 0 4 16 58 108 96 38 25 8 6 0 0
1315 267112 2 5 32 67 124 69 34 14 6 3 0 0
1316 268142 2 6 27 81 112 69 30 14 9 5 0 0
1317 268839 5 18 39 72 105 69 26 13 9 4 0 0
1318 267723 15 39 66 115 73 26 13 3 1 2 0 0
1319 268248 1 7 16 30 63 96 72 45 24 17 0 0
1320 267254 8 10 24 69 99 64 52 24 6 2 0 0
1321 268623 3 4 25 51 76 76 66 28 25 11 0 0
1322 268984 11 22 54 98 98 47 17 10 3 2 0 0
1323 266380 21 51 70 100 74 25 7 3 2 2 0 0
1324 268490 14 26 70 84 94 46 12 11 1 4 0 0
1325 266704 3 15 32 82 111 67 32 15 6 3 0 0
1326 268876 0 10 27 56 118 86 33 16 6 3 0 0
1327 267830 13 12 31 87 103 51 30 10 7 2 0 0
1328 268899 0 4 14 29 93 94 66 40 23 10 0 0
1329 269004 1 2 11 28 104 111 57 25 18 8 0 0
1330 268693 1 7 18 66 120 65 45 25 9 3 0 0
1331 267245 3 13 51 72 105 68 23 6 5 1 0 0
1332 268696 1 8 33 46 114 92 34 18 8 6 0 0
1333 268443 4 15 30 63 125 59 34 15 7 7 0 0
1334 268939 0 3 9 20 64 103 83 42 23 17 0 0
1335 267997 1 1 4 15 52 93 87 65 30 31 0 0
1336 267671 0 2 14 38 100 93 48 33 21 13 0 0
1337 268586 4 20 34 83 111 55 24 10 6 3 0 0
1338 268915 2 12 35 84 104 61 27 18 4 4 0 0
1339 267503 11 24 38 86 94 50 25 7 2 7 0 0
1340 266467 0 8 17 46 113 103 38 31 11 6 0 0
1341 268597 3 10 31 65 125 70 28 18 3 3 0 0
1342 268348 0 1 7 10 20 83 86 73 48 42 0 0
1343 268842 8 15 52 87 104 56 21 9 4 5 0 0
1344 268478 5 5 16 57 105 84 41 27 9 6 0 0
1345 268655 10 33 57 120 94 25 13 1 4 2 0 0
1346 268972 2 11 13 69 106 80 48 16 10 8 0 0
1347 268630 11 25 53 98 97 40 13 5 1 2 0 0
1348 266285 1 3 13 36 94 87 68 35 13 9 0 0
1349 269009 11 30 59 96 75 43 21 7 2 4 0 0
1350 266545 10 27 71 101 87 44 11 5 5 2 0 0
1351 266850 25 32 59 106 79 26 16 5 3 1 0 0
1352 268751 5 9 16 51 75 108 45 29 13 8 0 0
1353 268936 0 2 3 18 37 99 69 76 37 25 0 0
1354 268709 2 1 15 12 52 64 81 58 41 46 0 0
1355 268309 3 6 32 70 104 77 43 23 4 5 0 0
1356 267929 1 5 13 44 112 88 50 24 13 13 0 0
1357 267185 9 25 45 83 104 52 20 11 5 3 0 0
1358 267236 23 44 79 116 56 22 7 3 2 1 0 0
1359 267683 40 60 83 94 48 13 11 2 1 1 0 0
1360 267742 3 7 22 58 119 88 31 12 10 4 0 0
1361 268467 0 0 9 22 59 94 83 58 28 24 0 0
1362 266847 3 14 26 74 114 83 21 14 10 7 0 0
1363 268561 0 9 18 53 108 78 60 21 14 8 0 0
1364 268712 1 1 6 19 66 98 75 54 26 17 0 0
1365 268416 28 37 79 85 78 36 4 3 3 2 0 0
1366 266724 0 3 3 15 55 89 79 49 34 27 0 0
1367 268985 0 1 9 18 59 99 65 58 32 20 0 0
1368 267719 4 24 47 86 101 51 38 5 3 2 0 0
1369 268639 2 4 7 24 72 94 79 49 28 16 0 0
1370 268573 9 26 54 103 94 39 21 7 2 5 0 0
1371 268728 41 48 90 95 46 25 9 0 2 4 0 0
1372 267750 8 14 26 61 97 84 36 17 7 6 0 0
1373 268588 0 7 11 41 80 91 70 39 13 9 0 0
1374 266361 3 10 48 77 107 75 22 14 5 2 0 0
1375 268853 4 10 24 47 98 79 51 27 16 6 0 0
1376 268321 3 5 6 21 47 57 52 71 61 53 0 0
1377 267106 2 6 18 26 103 96 54 30 19 10 0 0
1378 268032 2 14 25 70 93 75 47 19 13 6 0 0
1379 268952 3 15 33 67 109 68 33 14 4 2 0 0
1380 268975 5 8 26 59 104 76 46 26 4 3 0 0
1381 268974 14 28 54 66 88 55 38 14 1 8 0 0
1382 267870 2 14 55 86 107 55 24 9 2 4 0 0
1383 268883 0 2 4 10 45 73 78 59 54 48 0 0
1384 268057 31 42 77 87 59 30 12 8 4 5 0 0
1385 267123 1 7 18 49 96 81 55 32 11 9 0 0
1386 267687 1 6 19 40 91 106 54 29 11 9 0 0
1387 267126 2 8 28 62 103 83 36 27 7 6 0 0
1388 268624 6 5 20 26 61 70 68 49 34 25 0 0
1389 266666 0 5 16 39 114 101 40 22 11 7 0 0
1390 267071 69 67 90 70 37 18 3 1 2 2 0 0
1391 268338 2 7 27 74 105 74 40 11 4 6 0 0
1392 267897 1 2 17 45 88 107 52 29 13 3 0 0
1393 268860 17 34 70 108 96 18 10 5 0 1 0 0
1394 266940 3 9 26 55 109 74 56 16 13 2 0 0
1395 268640 2 6 28 37 88 90 59 37 10 6 0 0
1396 268451 4 21 62 109 98 40 7 7 4 2 0 0
1397 268671 9 22 35 69 111 72 30 5 3 7 0 0
1398 269014 1 7 15 32 75 87 67 40 25 22 0 0
1399 268857 1 2 8 35 95 85 64 43 23 25 0 0
1400 266569 4 6 12 50 93 84 63 32 16 11 0 0
1401 268757 16 32 77 94 76 50 10 9 1 1 0 0
1402 269022 15 30 58 103 94 30 13 7 2 2 0 0
1403 268877 6 23 59 81 103 43 18 9 2 2 0 0
1404 268442 4 8 26 71 134 58 24 11 5 4 0 0
1405 917861 1 4 6 32 87 78 29 10 5 1 0 0
1406 917027 2 2 7 10 35 74 71 40 9 5 0 0
1407 917070 19 11 18 31 65 48 26 14 9 4 0 0
1408 917333 0 2 9 20 89 73 33 8 7 5 0 0
1409 917730 1 2 3 14 53 84 62 23 7 6 0 0
1410 917802 26 25 52 48 60 23 5 1 1 4 0 0
1411 916798 0 1 5 22 59 65 53 28 14 8 0 0
1412 917781 12 19 30 73 71 21 13 3 1 4 0 0
1413 917798 1 5 11 24 93 71 32 6 6 0 0 0
1414 916831 1 8 3 26 79 80 37 17 3 3 0 0
1415 916653 3 1 6 9 53 75 60 31 13 9 0 0
1416 917758 3 6 8 20 79 84 29 18 3 1 0 0
1417 917751 0 5 1 4 30 61 67 39 38 15 0 0
1418 917729 0 3 2 3 30 67 58 42 21 25 0 0
1419 917686 6 3 9 32 68 70 36 14 12 2 0 0
1420 916809 2 4 11 24 62 71 49 16 8 3 0 0
1421 916843 1 2 5 4 17 73 57 47 36 21 0 0
1422 916881 3 8 15 32 62 81 28 16 6 2 0 0
1423 917783 6 9 16 69 92 40 10 3 3 0 0 0
1424 917115 1 4 11 20 76 83 35 12 6 1 0 0
1425 917815 1 2 4 5 24 70 55 42 30 25 0 0
1426 917889 6 5 19 55 91 48 16 5 2 0 0 0
1427 917884 6 12 33 66 74 41 8 5 3 1 0 0
1428 917862 2 6 15 45 82 55 23 12 2 5 0 0
1429 917882 2 5 7 27 85 74 32 9 5 2 0 0
1430 917735 3 9 26 46 85 52 16 4 1 1 0 0
1431 917863 8 16 27 64 75 31 15 1 2 3 0 0
1432 917887 17 25 32 55 64 32 11 4 1 2 0 0
1433 917866 0 0 5 5 32 79 67 40 22 9 0 0
1434 917576 10 9 22 49 74 59 11 5 2 1 0 0
1435 917520 6 7 18 45 100 57 14 1 3 0 0 0
1436 916625 1 3 6 5 37 60 81 42 19 6 0 0
1437 917629 1 5 8 34 74 78 37 12 3 2 0 0
1438 917812 11 12 35 66 73 34 12 1 1 2 0 0
1439 917753 1 2 3 11 29 66 62 45 21 18 0 0
1440 917871 0 2 5 10 50 72 52 43 9 9 0 0
1441 917341 18 8 27 59 57 45 17 8 1 6 0 0
1442 917875 0 2 8 31 89 70 32 9 3 2 0 0
1443 917582 0 9 10 39 75 59 33 18 4 3 0 0
1444 917803 1 2 8 11 55 84 46 22 12 7 0 0
1445 917722 24 27 47 70 46 15 7 4 0 2 0 0
1446 832530 0 1 1 22 51 60 9 1 0 0 0 0
1447 832380 1 4 14 44 49 20 10 2 1 1 0 0
1448 832475 0 0 2 14 52 43 18 10 2 1 0 0
1449 831847 0 2 2 16 55 52 11 4 2 2 0 0
1450 832448 0 0 2 12 51 52 17 11 0 1 0 0
1451 831711 0 2 7 29 57 38 8 3 0 0 0 0
1452 832569 0 0 2 12 35 39 29 13 6 3 0 0
1453 831427 0 0 4 8 41 59 21 7 3 3 0 0
1454 832619 0 0 4 6 37 56 26 14 3 1 0 0
1455 832444 0 1 0 8 48 64 21 7 0 1 0 0
1456 832425 0 0 1 9 55 59 12 3 1 1 0 0
1457 832409 0 0 5 19 62 41 15 4 1 2 0 0
1458 831703 0 0 1 2 14 49 35 27 12 13 0 0
1459 832046 0 0 1 9 44 60 20 7 1 1 0 0
1460 832562 0 0 6 22 34 42 17 11 6 4 0 0
1461 832618 0 0 0 2 35 67 21 16 3 2 0 0
1462 831888 0 0 8 16 61 42 14 4 1 1 0 0
1463 832394 0 1 3 24 57 41 12 5 1 1 0 0
1464 831237 0 0 2 3 40 57 27 9 6 1 0 0
1465 831653 0 1 5 23 51 44 14 1 2 1 0 0
1466 832085 0 0 3 28 58 39 7 0 0 1 0 0
1467 832596 1 6 15 36 32 32 12 3 0 2 0 0
1468 832284 0 0 2 8 36 69 22 7 0 0 0 0
1469 832337 0 2 1 16 40 47 26 10 5 1 0 0
1470 831599 1 0 2 6 33 53 30 18 4 2 0 0
1471 832549 0 0 3 11 32 63 28 9 1 2 0 0
1472 831880 0 1 3 23 68 35 8 4 0 1 0 0
1473 832435 0 2 6 38 61 28 5 2 0 1 0 0
1474 831602 0 1 2 21 51 42 15 10 1 1 0 0
1475 832277 0 1 0 12 48 57 20 5 2 1 0 0
1476 831788 1 0 0 6 44 49 24 12 6 0 0 0
1477 832440 0 0 2 22 64 33 15 6 1 1 0 0
1478 832604 0 0 1 6 46 61 18 8 0 3 0 0
1479 832312 1 1 2 7 24 40 34 18 9 5 0 0
1480 832450 0 2 6 31 76 21 4 0 0 2 0 0
1481 832103 0 1 0 10 32 54 31 10 5 1 0 0
1482 832152 0 0 5 10 41 51 22 10 7 2 0 0
1483 832384 0 0 2 8 26 63 35 12 4 1 0 0
1484 832483 1 4 8 26 53 38 11 5 4 1 0 0
1485 831804 0 0 0 20 53 43 21 5 1 1 0 0
1486 831492 0 0 4 14 49 56 15 2 2 1 0 0
1487 831820 0 2 2 12 49 57 15 2 0 1 0 0
1488 832049 0 0 4 22 59 46 14 3 0 0 0 0
1489 832551 0 2 0 10 33 53 32 12 3 1 0 0
1490 832365 0 0 5 6 28 49 33 15 8 3 0 0
1491 832457 0 0 2 7 47 54 19 13 5 2 0 0
1492 832557 0 2 3 15 47 33 23 10 4 3 0 0
1493 832622 0 0 4 32 61 37 6 1 0 0 0 0
1494 831671 0 0 1 5 15 43 44 25 11 8 0 0
1495 832406 0 0 7 23 55 45 11 3 1 1 0 0
1496 831889 0 0 3 4 33 61 27 12 6 4 0 0
1497 832465 0 0 1 21 42 39 16 9 5 7 0 0
1498 831541 1 2 7 27 66 29 4 2 0 1 0 0
1499 832572 0 0 3 23 57 50 6 6 0 1 0 0
1500 832028 0 1 2 12 39 59 29 8 1 1 0 0
1501 832592 0 0 0 5 22 53 38 15 7 5 0 0
1502 832599 1 2 14 54 56 15 0 1 0 1 0 0
1503 832621 0 0 1 6 43 53 29 8 7 1 0 0
1504 832559 0 0 2 11 29 56 23 14 7 2 0 0
1505 832356 0 0 1 5 34 58 32 13 7 0 0 0
1506 832098 1 0 0 9 20 48 37 21 6 3 0 0
1507 832122 0 0 1 18 65 39 11 4 0 1 0 0
1508 832553 0 0 1 3 20 60 36 14 11 2 0 0
1509 832366 0 2 7 24 52 45 11 1 1 1 0 0
1510 832381 0 2 4 7 48 45 26 9 4 2 0 0
1511 832355 0 2 3 36 71 26 7 1 0 1 0 0
1512 832393 0 1 2 6 35 52 31 8 2 5 0 0
1513 831678 0 1 4 19 63 39 10 0 0 1 0 0
1514 832632 0 0 2 15 35 43 27 13 8 3 0 0
1515 832099 0 1 2 16 51 51 18 5 4 3 0 0
1516 832129 0 0 2 12 42 55 23 8 4 1 0 0
1517 832595 0 0 1 4 20 51 32 25 12 3 0 0
1518 831638 0 0 1 9 30 51 30 15 3 4 0 0
1519 832602 0 1 10 33 65 23 4 3 0 1 0 0
1520 832627 0 0 5 16 47 34 27 6 4 2 0 0
1521 832533 1 0 8 33 58 31 6 2 0 1 0 0
1522 832423 0 0 1 7 33 52 33 11 8 4 0 0
1523 832594 0 0 4 11 42 53 24 9 0 1 0 0
1524 831643 0 0 3 8 26 59 29 14 8 1 0 0
1525 831589 0 0 1 10 40 57 28 5 1 2 0 0
1526 832112 0 0 0 12 38 56 29 5 5 1 0 0
1527 832048 0 1 8 44 63 24 2 0 0 1 0 0
1528 832615 0 0 2 11 55 51 18 3 0 1 0 0
1529 832625 0 0 2 8 33 40 38 12 8 6 0 0
1530 831146 0 1 6 21 40 47 12 9 2 2 0 0
1531 832558 0 0 1 10 44 55 18 8 3 1 0 0
1532 832466 0 0 1 9 41 46 29 13 5 0 0 0
1533 832137 0 0 2 16 54 48 21 6 0 1 0 0
1534 831607 0 0 2 20 56 43 17 4 0 1 0 0
1535 831809 0 2 1 2 25 56 43 14 3 0 0 0
1536 831674 0 0 12 36 62 24 6 1 0 1 0 0
1537 832538 0 0 3 15 41 49 20 7 4 3 0 0
1538 832556 0 1 5 22 62 39 15 2 0 1 0 0
1539 832066 1 5 12 37 49 26 7 4 1 1 0 0
1540 832451 0 0 1 15 45 53 27 4 1 0 0 0
1541 832273 1 0 1 2 13 43 31 27 18 11 0 0
1542 832371 0 0 4 12 37 55 23 10 3 3 0 0
1543 832352 0 1 2 4 46 57 16 10 2 6 0 0
1544 832563 1 2 1 6 14 40 29 27 12 13 0 0
1545 832597 0 2 3 2 26 52 34 18 11 2 0 0
1546 832424 0 1 1 7 35 62 25 10 3 1 0 0
1547 832476 0 2 6 32 58 36 9 1 0 1 0 0
1548 832536 0 1 5 12 56 52 15 4 0 1 0 0
1549 832311 0 1 3 17 45 57 15 6 2 1 0 0
1550 832418 0 0 3 20 68 27 14 4 0 1 0 0
1551 832357 0 1 4 17 58 44 13 1 1 0 0 0
1552 832383 1 2 1 8 10 44 30 36 13 7 0 0
1553 831266 0 1 4 27 61 41 14 2 0 1 0 0
1554 832045 0 0 6 21 66 42 6 2 1 1 0 0
1555 832279 0 1 1 16 40 53 27 5 2 2 0 0
1556 832382 0 0 4 26 65 34 6 3 1 1 0 0
1557 832567 0 0 2 6 34 68 23 11 3 0 0 0
1558 832626 0 0 2 20 39 52 18 7 1 1 0 0
1559 832570 0 1 3 18 58 41 16 5 1 1 0 0
1560 832068 0 1 3 24 62 47 7 3 0 1 0 0
1561 832482 1 7 14 42 49 24 2 0 0 1 0 0
1562 832421 0 0 4 29 53 43 11 3 0 1 0 0
1563 832148 3 4 4 10 25 40 29 12 11 1 0 0
1564 832600 0 3 12 39 62 16 3 1 1 1 0 0
1565 832387 0 3 5 37 55 35 6 1 0 1 0 0
1566 832069 1 0 0 7 19 40 30 26 16 7 0 0
1567 832035 0 0 1 13 61 45 15 4 1 0 0 0
1568 832375 0 0 1 1 40 65 22 12 2 2 0 0
1569 831689 0 0 2 6 41 48 31 16 2 1 0 0
1570 832374 0 2 4 15 55 40 16 7 4 4 0 0
1571 832449 0 0 3 9 37 61 20 11 5 1 0 0
1572 832489 0 0 3 12 52 51 21 3 2 2 0 0
1573 831841 0 1 3 8 47 48 30 11 0 2 0 0
1574 832060 0 4 15 38 45 33 8 2 2 0 0 0
1575 832488 0 0 3 8 61 53 12 1 1 2 0 0
1576 831528 0 2 4 15 51 45 19 3 2 1 0 0
1577 831546 0 0 1 11 54 64 13 6 0 1 0 0
1578 831875 0 2 6 29 59 34 4 3 1 1 0 0
1579 832050 5 5 33 51 38 9 0 0 0 1 0 0
1580 832300 0 1 4 17 58 43 12 5 3 1 0 0
1581 7024 15 34 72 81 67 25 14 2 1 4 0 0
1582 7104 5 17 28 53 92 53 33 9 6 6 0 0
1583 6952 7 9 31 34 73 56 42 43 11 14 0 0
1584 7088 35 54 75 77 45 13 3 3 1 0 0 0
1585 6945 4 14 28 53 81 62 36 15 7 1 0 0
1586 6979 3 6 12 27 57 59 67 52 19 10 0 0
1587 7046 34 38 62 69 60 28 19 5 1 2 0 0
1588 7140 4 22 17 54 60 60 50 25 10 4 0 0
1589 6982 25 35 30 44 54 40 33 29 12 7 0 0
1590 6999 2 10 20 28 62 71 47 43 21 13 0 0
1591 7107 5 25 45 83 74 52 12 9 3 1 0 0
1592 7120 9 26 34 56 80 57 23 12 6 3 0 0
1593 7005 4 7 11 34 65 71 58 30 21 11 0 0
1594 6941 7 22 56 77 68 47 23 7 4 2 0 0
1595 7131 19 11 24 53 56 58 46 30 18 8 0 0
1596 6964 4 7 28 45 70 71 52 31 13 4 0 0
1597 6954 3 10 19 44 80 80 38 24 5 4 0 0
1598 7003 50 50 73 65 41 14 13 6 2 0 0 0
1599 7089 22 40 70 91 58 16 2 1 2 2 0 0
1600 7070 3 11 22 36 77 65 44 31 11 6 0 0
1601 6939 16 19 37 60 80 53 27 14 6 2 0 0
1602 7091 1 9 34 57 72 64 37 26 11 2 0 0
1603 7111 7 21 30 55 80 65 38 10 6 1 0 0
1604 6968 19 28 52 51 67 46 32 9 2 2 0 0
1605 7004 9 10 31 34 76 62 41 27 10 12 0 0
1606 6992 4 15 33 56 67 69 36 24 9 7 0 0
1607 7093 7 16 40 64 71 58 30 12 7 2 0 0
1608 7000 2 14 32 58 73 56 43 15 11 2 0 0
1609 7132 7 17 39 60 81 46 26 15 2 3 0 0
1610 7067 7 13 34 70 67 62 29 21 10 5 0 0
1611 7100 10 16 27 42 78 69 33 22 10 4 0 0
1612 6986 3 11 33 50 75 70 45 22 6 2 0 0
1613 6957 14 32 50 66 70 38 20 8 2 5 0 0
1614 6962 5 23 52 81 80 39 21 8 6 0 0 0
1615 7106 13 46 57 72 72 31 13 3 1 0 0 0
1616 7124 6 11 25 82 82 54 24 15 11 3 0 0
1617 6949 7 20 44 62 77 50 25 16 3 7 0 0
1618 7021 6 21 28 50 74 73 26 21 7 4 0 0
1619 7113 6 5 20 27 50 52 59 48 28 23 0 0
1620 7061 4 13 48 68 57 70 29 18 2 2 0 0
1621 7082 8 18 21 53 78 57 41 12 7 3 0 0
1622 7098 10 34 32 60 73 47 30 10 5 5 0 0
1623 7018 3 11 28 42 81 69 43 22 9 6 0 0
1624 7084 8 14 54 76 73 49 25 6 2 1 0 0
1625 6946 5 11 12 39 49 68 56 34 25 12 0 0
1626 7112 12 28 40 69 75 41 21 10 3 3 0 0
1627 7028 7 26 39 54 57 50 44 22 9 6 0 0
1628 7080 8 11 27 47 66 75 41 25 5 3 0 0
1629 6996 8 27 44 81 77 37 19 17 0 0 0 0
1630 7075 5 9 30 58 72 70 37 19 3 1 0 0
1631 7136 11 23 51 73 73 41 16 9 3 0 0 0
1632 7101 5 19 24 46 75 66 43 20 6 8 0 0
1633 7085 1 15 29 63 74 58 35 27 10 2 0 0
1634 7130 22 38 61 77 60 29 11 5 1 0 0 0
1635 6984 5 14 25 54 75 73 40 19 8 2 0 0
1636 7129 4 7 11 29 62 58 59 32 35 14 0 0
1637 6973 7 19 44 62 90 52 22 11 1 3 0 0
1638 7012 15 43 58 59 74 42 15 6 6 2 0 0
1639 7001 9 22 42 63 74 56 23 17 3 6 0 0
1640 7118 15 17 28 50 62 41 47 23 17 10 0 0
1641 6970 1 10 24 51 68 73 45 24 6 2 0 0
1642 7074 5 12 18 35 53 57 51 40 27 15 0 0
1643 6937 10 9 19 27 39 53 62 44 21 29 0 0
1644 7071 3 10 26 41 69 71 56 24 11 4 0 0
1645 7076 11 29 43 60 79 46 18 10 6 4 0 0
1646 7050 4 21 45 62 82 49 30 15 7 2 0 0
1647 7038 6 15 24 52 59 78 46 26 11 3 0 0
1648 7058 9 25 52 91 74 33 17 6 0 0 0 0
1649 7036 12 35 50 66 63 38 28 17 4 3 0 0
1650 7134 13 28 59 90 63 26 24 1 2 1 0 0
1651 6963 18 36 51 76 64 38 17 8 4 1 0 0
1652 7072 7 21 36 61 62 57 35 23 4 6 0 0
1653 6935 3 8 20 54 67 72 46 27 11 3 0 0
1654 7073 27 27 48 55 65 43 25 18 8 4 0 0
1655 7055 22 34 54 79 67 25 13 3 3 2 0 0
1656 7099 3 5 23 21 56 59 59 47 27 13 0 0
1657 7063 13 23 51 82 61 37 22 11 7 1 0 0
1658 7095 2 3 13 26 36 53 62 52 42 25 0 0
1659 6943 14 6 21 27 52 56 66 40 14 14 0 0
1660 7128 6 4 9 21 32 46 70 54 29 31 0 0
1661 6981 6 2 19 28 45 62 59 48 37 15 0 0
1662 7133 0 5 26 47 67 76 46 22 15 11 0 0
1663 7077 12 21 45 74 77 49 18 7 2 1 0 0
1664 7026 25 47 75 79 51 22 5 3 0 1 0 0
1665 7087 5 16 28 56 88 67 26 13 6 3 0 0
1666 7103 7 18 40 75 81 57 23 9 0 0 0 0
1667 7032 1 4 19 37 56 68 58 43 14 6 0 0
1668 7068 7 13 20 39 65 63 43 38 18 14 0 0
1669 6960 9 25 54 85 75 41 14 7 2 2 0 0
1670 7017 7 24 36 66 87 50 22 12 3 2 0 0
1671 7059 10 33 42 66 70 50 32 11 5 2 0 0
1672 7081 3 6 23 39 62 78 43 36 17 2 0 0
1673 7141 6 17 46 60 71 70 22 13 4 4 0 0
1674 6975 33 61 74 68 43 16 6 6 0 2 0 0
1675 7060 11 22 68 91 67 32 12 6 2 2 0 0
1676 7056 13 33 67 96 50 41 9 3 1 1 0 0
1677 7115 4 5 21 36 53 69 58 38 23 8 0 0
1678 7007 3 5 22 50 75 72 53 18 11 5 0 0
1679 7015 5 6 19 29 65 66 72 36 15 4 0 0
1680 6961 11 28 40 81 74 38 18 13 1 5 0 0
1681 7011 10 22 54 68 62 57 27 7 1 2 0 0
1682 7108 4 2 9 11 25 53 68 63 68 33 0 0
1683 6967 8 6 16 53 61 67 52 34 16 5 0 0
1684 7029 82 66 67 51 31 10 4 0 0 1 0 0
1685 7025 18 33 45 67 57 41 32 15 6 2 0 0
1686 6947 4 7 17 23 57 65 56 45 23 14 0 0
1687 7013 14 27 50 80 72 40 18 5 3 1 0 0
1688 7048 15 13 20 46 52 49 65 32 12 7 0 0
1689 6978 1 5 13 23 49 74 79 37 24 17 0 0
1690 7138 1 6 17 40 77 72 54 31 6 8 0 0
1691 7105 13 27 39 50 51 45 44 20 12 10 0 0
1692 6988 9 9 17 49 73 69 53 22 11 1 0 0
1693 6944 8 12 33 73 93 47 27 13 5 1 0 0
1694 7039 12 14 22 45 60 64 47 35 10 12 0 0
1695 7123 0 6 9 31 61 69 71 40 21 7 0 0
1696 7139 3 12 22 47 62 46 60 43 15 4 0 0
1697 6995 7 14 21 37 47 65 60 38 15 10 0 0
1698 7010 15 19 33 57 64 51 34 19 8 5 0 0
1699 7119 1 4 17 31 61 77 60 31 24 6 0 0
1700 7102 2 3 14 18 56 54 79 52 34 9 0 0
1701 7126 20 28 77 83 55 23 10 4 2 2 0 0
1702 7127 14 25 66 71 63 34 19 12 3 3 0 0
1703 7035 25 47 74 98 43 9 4 2 2 0 0 0
1704 7135 5 11 20 42 54 58 46 40 24 12 0 0
1705 6972 3 14 22 35 78 78 45 28 13 5 0 0
1706 7117 27 28 42 57 46 44 31 17 7 6 0 0
1707 7019 2 6 20 39 71 87 52 33 4 5 0 0
1708 7053 7 19 35 53 88 50 34 13 5 1 0 0
1709 7116 11 25 52 69 81 40 22 3 3 2 0 0
1710 6993 3 16 32 60 78 62 34 18 6 3 0 0
1711 7114 7 8 25 33 59 69 59 33 19 14 0 0
1712 7016 3 15 32 57 88 62 37 15 2 3 0 0
1713 7051 3 11 28 48 68 70 38 29 16 7 0 0
1714 7040 2 12 15 46 60 67 52 34 24 5 0 0
1715 7094 4 3 10 28 30 76 76 59 23 11 0 0
1716 7022 66 54 61 62 41 20 11 4 3 1 0 0
1717 7027 5 4 22 52 55 71 47 34 13 10 0 0
1718 6959 17 29 43 55 49 42 34 21 8 11 0 0
1719 7110 12 18 41 69 72 55 21 8 2 2 0 0
1720 7045 8 12 32 47 65 48 46 27 13 8 0 0
1721 7064 17 13 20 29 48 65 43 40 30 19 0 0
1722 7096 7 18 33 71 79 58 22 10 6 5 0 0
1723 7057 6 11 27 71 64 58 41 23 5 2 0 0
1724 7030 3 4 19 29 55 74 69 39 13 11 0 0
1725 7041 31 52 55 68 53 19 15 11 3 1 0 0
1726 7125 6 12 38 60 73 65 35 11 6 1 0 0
1727 7122 16 23 38 67 68 52 20 10 4 1 0 0
1728 7109 5 6 12 23 46 83 75 35 22 13 0 0
1729 7121 8 19 49 61 77 52 26 3 5 3 0 0
1730 6942 4 19 32 50 81 65 28 18 6 7 0 0
1731 295839 37 11 35 40 75 64 48 19 17 18 0 0
1732 292961 10 26 28 59 93 82 29 7 1 3 0 0
1733 294505 4 16 41 61 94 85 31 12 5 2 0 0
1734 294430 4 13 17 35 68 89 57 47 29 11 0 0
1735 295750 4 10 17 30 99 82 56 30 8 2 0 0
1736 294025 3 16 30 48 100 93 35 12 5 2 0 0
1737 293434 5 16 20 51 103 80 41 29 5 0 0 0
1738 295349 4 15 28 53 83 70 43 29 14 5 0 0
1739 292972 32 47 79 97 52 29 1 3 0 0 0 0
1740 295648 2 6 13 22 58 74 84 66 31 12 0 0
1741 295092 7 18 39 80 119 41 26 7 2 1 0 0
1742 293951 11 21 35 63 104 61 18 12 3 2 0 0
1743 295391 11 27 33 66 103 41 24 9 6 10 0 0
1744 295872 2 3 18 35 80 95 60 40 14 13 0 0
1745 294367 4 3 11 23 53 85 82 57 21 20 0 0
1746 295771 0 9 6 32 77 92 58 42 22 12 0 0
1747 295029 10 16 28 41 78 79 52 26 12 9 0 0
1748 295039 6 10 9 24 63 69 83 46 25 24 0 0
1749 293877 3 9 17 29 60 83 72 35 25 11 0 0
1750 295797 8 26 42 95 103 47 18 10 6 3 0 0
1751 294640 14 22 36 70 88 56 28 14 10 6 0 0
1752 295535 13 42 50 87 95 42 9 3 1 0 0 0
1753 293015 1 5 14 27 72 102 65 44 21 9 0 0
1754 293982 2 8 29 41 127 70 31 18 7 1 0 0
1755 295318 13 10 30 44 63 73 61 33 17 10 0 0
1756 295735 64 63 72 84 34 18 4 3 0 2 0 0
1757 295722 3 9 8 23 56 100 74 57 32 10 0 0
1758 295793 2 16 27 57 93 77 43 21 7 3 0 0
1759 295254 7 8 27 72 90 82 33 14 6 7 0 0
1760 294460 94 55 68 53 38 11 6 0 1 1 0 0
1761 295855 10 16 46 80 106 55 18 13 6 2 0 0
1762 295796 6 24 30 63 116 68 22 8 2 1 0 0
1763 293453 3 6 13 17 40 80 62 59 33 36 0 0
1764 295767 3 10 18 48 73 90 53 35 15 14 0 0
1765 295023 2 12 20 24 56 90 74 41 16 14 0 0
1766 294398 3 4 14 31 67 86 81 45 35 21 0 0
1767 295329 5 11 18 43 113 82 40 18 15 5 0 0
1768 294997 16 41 42 85 75 51 12 13 4 2 0 0
1769 295371 18 27 62 80 74 51 23 9 1 3 0 0
1770 294568 12 21 47 86 96 44 20 10 2 0 0 0
1771 294693 19 38 46 87 96 40 10 6 0 1 0 0
1772 293222 4 13 35 44 88 77 39 27 12 7 0 0
1773 295289 6 15 33 51 104 67 39 12 6 2 0 0
1774 295451 1 13 10 54 105 86 43 22 12 5 0 0
1775 295538 5 16 39 65 93 71 38 18 3 7 0 0
1776 295373 10 33 70 106 71 30 11 4 0 3 0 0
1777 295854 10 14 25 40 89 86 42 25 12 10 0 0
1778 295603 6 19 38 70 96 63 28 12 7 0 0 0
1779 294172 4 24 49 77 101 55 17 7 3 3 0 0
1780 293357 4 15 27 55 98 63 48 21 8 4 0 0
1781 295675 10 22 34 55 79 52 39 26 8 6 0 0
1782 295763 2 10 22 40 80 67 74 20 15 10 0 0
1783 293406 46 70 71 85 40 19 4 3 1 3 0 0
1784 295605 11 24 41 63 92 60 25 9 8 6 0 0
1785 294662 35 56 77 77 45 32 3 0 3 2 0 0
1786 295679 11 21 42 75 108 42 26 15 6 2 0 0
1787 295912 5 5 12 24 65 99 57 36 26 9 0 0
1788 293415 10 32 42 85 102 35 14 7 0 1 0 0
1789 295766 13 18 36 59 86 73 38 11 5 3 0 0
1790 295294 16 30 47 66 101 51 29 8 3 4 0 0
1791 293586 3 4 10 25 62 109 63 59 16 10 0 0
1792 293094 16 45 70 98 67 28 13 3 1 1 0 0
1793 295914 10 30 31 76 108 43 22 7 6 0 0 0
1794 295065 12 18 46 78 101 50 25 15 3 2 0 0
1795 295270 2 11 18 28 72 85 64 33 12 8 0 0
1796 295850 58 64 80 79 35 15 4 2 1 0 0 0
1797 294015 21 29 51 81 82 46 18 8 5 0 0 0
1798 293876 3 12 30 54 107 87 32 14 8 1 0 0
1799 295170 7 15 35 53 79 71 47 22 10 9 0 0
1800 295608 1 16 38 50 93 84 38 11 7 2 0 0
1801 293632 17 33 50 76 90 42 18 6 4 1 0 0
1802 295161 2 6 24 39 90 93 47 25 10 6 0 0
1803 293539 12 31 35 91 93 39 24 3 4 2 0 0
1804 294595 4 24 35 80 111 44 20 14 4 5 0 0
1805 293151 24 38 51 77 73 39 12 9 2 1 0 0
1806 295428 10 18 18 31 71 77 59 32 13 11 0 0
1807 293644 25 37 67 107 71 21 14 1 0 2 0 0
1808 293920 2 13 36 58 93 92 29 14 6 1 0 0
1809 293592 7 21 48 82 108 46 18 4 2 0 0 0
1810 294163 1 5 12 21 54 87 79 53 20 13 0 0
1811 294338 42 43 50 85 71 29 15 6 2 4 0 0
1812 295880 6 16 25 45 105 81 42 12 4 2 0 0
1813 295904 6 26 57 75 95 55 10 7 1 1 0 0
1814 293437 4 3 15 18 41 89 75 69 34 28 0 0
1815 295798 47 36 71 88 66 31 7 6 3 1 0 0
1816 295589 21 31 63 103 87 31 11 7 0 0 0 0
1817 295217 1 17 24 34 82 87 61 27 12 8 0 0
1818 295074 4 11 12 41 65 87 68 43 19 7 0 0
1819 295592 11 18 41 73 93 54 27 10 6 3 0 0
1820 295902 1 4 17 34 76 86 62 41 19 11 0 0
1821 294587 23 35 59 96 74 30 14 6 1 1 0 0
1822 294407 3 13 30 52 106 80 45 17 7 4 0 0
1823 294995 10 20 52 75 100 45 21 5 4 1 0 0
1824 295536 8 7 15 41 81 88 51 27 16 7 0 0
1825 295810 6 13 30 50 63 72 61 26 15 9 0 0
1826 294390 3 13 35 55 95 82 44 12 5 5 0 0
1827 295765 8 14 36 64 92 70 31 15 11 3 0 0
1828 293783 9 15 38 87 91 59 23 19 5 1 0 0
1829 295467 5 10 12 37 70 89 78 36 20 9 0 0
1830 295507 3 8 22 43 104 73 48 25 15 4 0 0
1831 294665 4 8 16 42 99 89 50 23 11 0 0 0
1832 295806 8 3 25 59 113 86 25 21 10 1 0 0
1833 295105 9 11 34 57 86 66 38 25 5 15 0 0
1834 295099 10 27 57 92 101 37 16 6 3 1 0 0
1835 295783 2 14 26 61 86 89 35 28 8 4 0 0
1836 295838 4 8 13 42 76 91 73 42 13 6 0 0
1837 295134 12 16 19 64 77 70 49 27 16 8 0 0
1838 295279 68 44 72 62 55 25 4 4 2 2 0 0
1839 294545 6 14 21 49 84 76 57 34 7 8 0 0
1840 295101 5 15 29 56 106 69 30 16 10 7 0 0
1841 295565 3 18 32 59 97 70 34 20 6 5 0 0
1842 293286 3 9 19 50 104 85 39 17 6 6 0 0
1843 295740 16 23 35 60 102 66 20 17 3 1 0 0
1844 294706 44 63 74 95 43 16 3 0 2 1 0 0
1845 295552 5 7 19 26 60 105 69 54 15 17 0 0
1846 293416 1 5 8 23 57 73 77 52 29 33 0 0
1847 293849 6 20 25 56 84 75 40 26 7 5 0 0
1848 295891 11 19 37 75 82 64 35 17 6 5 0 0
1849 293354 21 42 64 83 84 32 6 6 0 2 0 0
1850 293431 14 37 49 102 78 42 10 10 2 1 0 0
1851 294901 4 10 22 46 92 95 40 17 16 5 0 0
1852 295033 6 17 43 69 98 59 27 12 3 0 0 0
1853 295664 3 13 29 65 108 71 40 13 5 3 0 0
1854 293064 15 30 48 100 91 29 15 4 2 1 0 0
1855 295853 29 33 59 96 72 30 8 4 5 0 0 0
1856 295369 20 28 53 90 95 29 10 4 4 2 0 0
1857 295171 4 11 13 37 60 93 65 36 18 12 0 0
1858 295082 0 8 16 30 71 97 67 42 24 7 0 0
1859 295636 124 76 69 46 14 4 3 1 0 0 0 0
1860 691521 23 23 50 83 45 10 3 2 1 0 0 0
1861 691645 2 3 10 25 71 69 30 22 11 3 0 0
1862 691577 10 16 35 60 72 32 9 3 1 1 0 0
1863 691541 5 8 17 37 76 49 36 15 3 3 0 0
1864 691237 4 7 27 57 73 48 16 7 1 0 0 0
1865 690463 0 4 5 16 37 68 57 37 17 9 0 0
1866 690895 13 31 54 85 46 8 4 1 1 0 0 0
1867 690790 4 2 14 20 50 65 49 28 17 4 0 0
1868 690515 2 5 8 28 69 73 28 21 13 1 0 0
1869 691529 1 8 8 41 72 66 30 15 2 1 0 0
1870 691201 0 3 17 38 73 59 29 17 4 0 0 0
1871 691507 1 5 10 32 76 56 37 24 8 0 0 0
1872 691580 3 5 14 23 69 65 38 16 8 3 0 0
1873 691189 9 17 39 75 68 20 7 3 1 2 0 0
1874 690875 1 3 24 61 64 50 22 13 6 2 0 0
1875 690334 5 4 13 23 32 58 50 35 20 13 0 0
1876 691086 3 9 12 34 82 65 23 12 3 1 0 0
1877 690676 3 14 30 58 83 34 11 2 0 1 0 0
1878 691502 4 6 13 38 64 72 36 13 7 2 0 0
1879 691649 2 6 24 48 81 43 22 11 6 1 0 0
1880 691291 3 9 22 45 78 56 15 11 2 1 0 0
1881 691010 4 8 26 51 75 59 18 7 3 1 0 0
1882 690203 2 4 10 16 48 62 59 33 13 8 0 0
1883 691183 2 3 10 21 48 64 42 24 19 11 0 0
1884 691151 3 6 18 35 93 54 29 8 1 0 0 0
1885 691272 3 3 11 31 79 58 29 24 4 0 0 0
1886 690377 1 3 4 20 45 62 62 35 9 6 0 0
1887 691380 1 0 7 19 36 50 50 48 28 11 0 0
1888 691648 16 33 46 79 51 9 5 6 1 1 0 0
1889 691643 0 7 7 39 69 76 34 13 6 2 0 0
1890 691450 3 9 2 31 66 60 43 24 5 1 0 0
1891 691617 10 14 27 51 78 40 15 12 0 1 0 0
1892 690423 2 5 13 44 77 62 35 13 4 1 0 0
1893 691497 2 3 8 23 23 61 56 41 24 12 0 0
1894 691504 1 12 23 40 100 48 10 8 0 0 0 0
1895 690495 6 20 29 64 63 31 16 5 3 0 0 0
1896 690117 8 10 20 63 71 35 17 9 3 1 0 0
1897 689976 18 22 57 71 54 12 3 2 1 0 0 0
1898 691543 16 16 38 68 69 20 8 5 2 0 0 0
1899 691185 2 13 22 67 75 42 14 4 1 0 0 0
1900 691462 6 11 43 53 74 33 14 5 1 1 0 0
1901 691642 0 1 4 9 26 47 77 44 34 17 0 0
1902 691282 3 12 29 63 84 34 10 7 1 0 0 0
1903 689862 5 12 22 51 70 30 32 13 5 2 0 0
1904 691232 1 7 6 27 60 77 41 19 6 4 0 0
1905 691607 3 10 28 76 57 47 15 5 4 1 0 0
1906 691008 5 12 26 58 77 40 16 7 6 3 0 0
1907 690999 2 5 9 30 49 55 47 26 18 1 0 0
1908 691570 3 3 15 38 78 63 23 10 6 0 0 0
1909 691230 1 3 10 28 52 68 44 29 16 5 0 0
1910 690679 5 20 23 62 81 23 10 4 3 0 0 0
1911 690475 0 7 25 42 73 63 15 13 4 1 0 0
1912 691556 4 18 27 74 74 29 7 2 2 1 0 0
1913 691596 3 9 31 53 82 39 14 10 2 0 0 0
1914 691071 7 15 21 57 72 45 15 3 4 0 0 0
1915 690694 7 7 30 51 69 44 20 11 1 1 0 0
1916 691283 9 16 25 71 58 38 11 5 4 2 0 0
1917 690598 3 11 21 48 99 34 12 9 4 0 0 0
1918 691360 9 15 36 61 70 25 13 6 1 0 0 0
1919 691214 2 9 4 24 58 66 51 24 11 2 0 0
1920 691553 4 8 16 39 78 48 35 17 7 2 0 0
1921 691530 7 4 20 45 67 59 26 12 4 1 0 0
1922 691352 2 8 11 34 70 61 31 17 9 1 0 0
1923 691627 9 10 41 60 80 27 7 4 2 1 0 0
1924 690385 15 23 28 85 62 18 11 3 2 1 0 0
1925 690586 3 13 19 60 78 37 23 6 4 1 0 0
1926 691639 2 9 12 36 78 67 24 11 6 0 0 0
1927 691471 11 16 25 47 70 42 16 11 7 3 0 0
1928 691568 0 2 5 21 47 52 51 48 15 7 0 0
1929 691187 8 13 24 61 73 39 14 6 2 1 0 0
1930 691623 2 8 9 42 76 56 29 17 11 4 0 0
1931 690760 2 4 18 27 52 64 49 18 8 5 0 0
1932 691638 2 8 34 61 70 38 17 9 7 1 0 0
1933 691274 3 4 12 24 61 59 35 31 18 6 0 0
1934 690517 2 13 14 29 81 55 34 14 4 0 0 0
1935 690198 9 14 27 72 80 22 9 4 1 0 0 0
1936 691597 10 13 40 42 87 35 9 6 1 0 0 0
1937 691583 1 4 13 22 60 61 45 25 19 3 0 0
1938 691544 14 36 38 80 59 7 2 1 0 0 0 0
1939 690184 3 4 13 49 82 59 17 8 2 1 0 0
1940 691613 3 8 21 60 79 43 22 4 2 0 0 0
1941 691032 4 11 33 55 87 39 8 5 0 0 0 0
1942 691555 4 10 16 50 98 41 18 6 1 0 0 0
1943 691545 1 3 15 28 71 53 47 21 5 1 0 0
1944 691253 4 8 25 38 59 45 38 19 9 4 0 0
1945 691505 19 31 54 67 44 16 5 3 2 0 0 0
1946 690763 3 7 21 34 69 44 34 19 11 2 0 0
1947 294574 6 13 26 60 75 45 15 8 2 1 0 0
1948 295452 4 7 19 32 74 55 33 17 7 2 0 0
1949 295298 8 19 45 78 56 26 7 3 1 1 0 0
1950 295360 3 9 31 67 72 43 14 3 4 4 0 0
1951 295165 1 1 8 14 44 54 44 36 21 15 0 0
1952 293895 2 13 18 38 80 46 26 11 5 7 0 0
1953 294081 4 14 31 53 79 38 12 10 4 3 0 0
1954 295021 3 16 28 51 85 39 15 6 0 1 0 0
1955 295100 2 8 14 43 68 56 24 22 13 4 0 0
1956 295546 0 5 4 19 54 53 40 37 18 14 0 0
1957 292998 4 6 13 50 70 41 32 14 6 4 0 0
1958 295328 3 14 26 65 70 38 16 9 3 0 0 0
1959 295471 2 6 21 37 75 44 32 13 5 6 0 0
1960 295558 0 2 10 17 52 61 52 32 13 18 0 0
1961 295311 6 8 25 34 70 42 26 11 1 4 0 0
1962 294137 0 9 11 35 70 57 44 8 4 3 0 0
1963 295779 2 3 7 10 31 51 46 50 31 27 0 0
1964 295529 3 6 15 44 79 62 22 11 6 6 0 0
1965 295755 0 4 4 12 36 49 60 41 24 18 0 0
1966 294408 2 5 24 43 50 50 37 19 11 6 0 0
1967 294978 6 9 21 50 72 44 27 12 7 1 0 0
1968 293334 2 6 32 43 79 44 24 7 2 1 0 0
1969 293929 1 12 22 51 81 51 12 8 1 1 0 0
1970 294517 0 2 11 17 43 68 50 28 21 8 0 0
1971 295247 1 5 17 22 57 66 38 24 10 6 0 0
1972 295794 1 3 20 32 69 49 39 21 6 4 0 0
1973 295180 1 7 11 30 73 56 32 22 7 6 0 0
1974 295189 77 50 49 50 14 9 1 0 1 0 0 0
1975 294287 2 7 17 37 52 63 24 16 3 5 0 0
1976 295588 1 2 10 27 56 63 40 23 14 7 0 0
1977 295032 2 7 24 49 75 42 26 9 2 1 0 0
1978 294024 2 5 12 33 73 65 25 15 1 3 0 0
1979 294617 1 11 37 44 72 46 27 8 1 2 0 0
1980 295627 2 4 8 21 53 60 49 23 16 8 0 0
1981 295248 4 9 33 60 83 35 13 6 4 1 0 0
1982 294289 7 15 34 48 86 27 10 1 5 2 0 0
1983 293844 2 0 11 20 51 67 53 21 10 12 0 0
1984 295539 8 29 36 78 50 17 10 2 1 1 0 0
1985 294775 2 7 22 34 76 52 27 18 4 4 0 0
1986 295142 0 10 31 50 75 40 22 4 6 1 0 0
1987 294371 1 6 14 34 51 53 42 29 8 9 0 0
1988 295905 24 49 61 65 27 9 6 3 2 1 0 0
1989 295695 6 8 11 44 76 52 31 12 4 4 0 0
1990 295477 1 3 24 40 51 68 31 16 5 4 0 0
1991 294021 1 3 17 34 53 66 32 19 10 8 0 0
1992 295598 7 9 30 56 71 35 26 5 3 2 0 0
1993 295540 1 7 17 45 77 50 24 10 9 3 0 0
1994 295865 0 10 24 36 77 58 23 10 2 4 0 0
1995 295313 2 10 15 48 65 55 18 15 5 3 0 0
1996 295541 4 3 7 21 60 68 55 20 5 2 0 0
1997 295858 1 13 12 31 68 64 20 13 6 4 0 0
1998 295742 8 19 22 66 64 32 9 3 5 3 0 0
1999 295578 1 5 18 35 68 54 29 22 9 5 0 0
2000 294357 2 6 13 39 64 57 29 18 5 7 0 0
2001 294109 6 12 30 44 56 46 23 12 6 5 0 0
2002 295609 0 3 18 30 69 54 40 16 7 4 0 0
2003 295221 2 13 23 46 87 44 16 2 1 1 0 0
2004 295846 2 7 24 43 80 43 23 14 3 0 0 0
2005 295834 21 36 46 68 39 14 4 2 1 0 0 0
2006 295314 10 27 39 52 57 33 15 4 1 1 0 0
2007 294087 8 18 42 66 66 24 6 4 2 0 0 0
2008 295573 2 15 24 64 74 42 20 7 1 2 0 0
2009 295185 4 5 23 37 57 58 25 14 5 3 0 0
2010 295697 0 4 20 41 78 46 25 8 4 5 0 0
2011 293215 1 2 7 11 52 64 49 34 19 16 0 0
2012 293627 4 8 21 48 72 47 25 17 6 2 0 0
2013 295183 0 8 11 36 74 62 26 23 7 2 0 0
2014 294388 1 9 20 35 60 59 26 20 10 3 0 0
2015 295913 1 6 16 38 64 49 36 12 7 2 0 0
2016 295219 5 13 29 43 83 40 20 8 1 3 0 0
2017 293630 0 4 10 27 71 65 38 20 7 5 0 0
2018 293863 0 3 13 30 62 72 43 21 7 8 0 0
2019 293404 7 13 28 57 64 40 8 15 3 3 0 0
2020 293524 3 5 17 33 55 48 40 20 15 5 0 0
2021 294481 0 7 8 22 63 64 42 20 20 5 0 0
2022 295859 4 22 22 78 75 25 8 4 1 1 0 0
2023 295519 4 14 29 37 80 46 16 13 2 2 0 0
2024 293289 0 8 27 47 78 46 28 8 6 2 0 0
2025 295332 3 3 8 15 52 62 40 30 18 12 0 0
2026 294580 0 8 13 33 79 59 32 14 4 2 0 0
2027 295756 0 3 18 27 69 62 44 14 11 5 0 0
2028 294818 4 12 23 48 64 31 30 10 7 5 0 0
2029 295038 3 20 42 52 72 34 13 6 2 1 0 0
2030 295701 1 5 7 27 55 67 43 19 12 8 0 0
2031 295512 0 7 20 43 82 54 27 11 9 2 0 0
2032 294655 4 8 14 38 74 50 27 14 4 7 0 0
2033 295126 1 2 16 26 61 60 43 15 8 7 0 0
2034 295266 1 8 19 32 60 69 34 11 13 6 0 0
2035 295607 1 2 7 23 74 63 41 18 10 9 0 0
2036 293654 1 11 21 48 79 47 23 14 6 2 0 0
2037 295597 10 12 35 65 67 28 16 7 3 1 0 0
2038 295820 0 7 7 18 48 52 51 33 16 7 0 0
2039 295738 3 9 24 38 66 56 17 19 8 2 0 0
2040 295616 2 7 19 52 70 58 21 7 5 2 0 0
2041 295776 7 17 49 68 63 29 9 3 0 0 0 0
2042 293727 1 11 15 36 69 53 30 13 6 2 0 0
2043 295456 4 3 23 32 69 52 36 20 10 3 0 0
2044 295665 2 13 37 53 75 32 14 5 3 2 0 0
2045 295790 6 11 28 41 68 47 26 4 4 2 0 0
2046 295178 2 5 13 27 57 54 39 27 12 6 0 0
2047 294624 5 15 31 56 73 35 18 1 2 0 0 0
2048 295901 1 9 20 42 77 57 27 10 8 4 0 0
2049 295524 7 24 34 67 74 23 3 7 0 0 0 0
2050 294148 1 4 8 21 48 65 54 20 8 10 0 0
2051 293851 5 12 29 37 70 39 24 13 4 5 0 0
2052 295920 4 8 20 46 70 47 27 9 7 5 0 0
2053 295544 5 11 27 54 60 49 22 5 4 1 0 0
2054 293336 13 37 48 69 44 21 6 3 0 1 0 0
2055 295868 1 10 17 50 76 47 22 12 5 4 0 0
2056 295900 4 6 22 53 75 46 20 17 5 4 0 0
2057 295430 1 5 11 20 48 54 51 24 27 13 0 0
2058 295878 8 12 42 70 58 38 13 9 3 0 0 0
2059 294614 9 21 36 55 68 31 16 5 4 1 0 0
2060 295612 3 9 22 42 74 47 25 10 4 2 0 0
2061 294579 2 10 20 29 74 56 26 21 8 6 0 0
2062 295600 4 11 19 51 79 43 16 9 5 4 0 0
2063 294772 0 4 7 20 71 62 40 20 10 4 0 0
2064 295291 4 4 11 31 57 66 36 27 6 5 0 0
2065 691307 0 0 2 18 30 52 40 18 12 13 0 0
2066 690182 1 5 4 25 56 44 35 6 7 5 0 0
2067 691483 4 1 1 6 29 45 40 34 17 16 0 0
2068 690957 5 1 3 18 48 40 41 15 10 3 0 0
2069 691211 1 1 12 20 56 55 24 13 7 2 0 0
2070 689981 1 8 11 23 70 49 14 8 5 0 0 0
2071 691579 0 0 7 20 44 49 34 23 10 5 0 0
2072 691029 1 3 5 19 52 62 27 13 8 1 0 0
2073 691560 4 10 25 43 55 34 9 5 1 0 0 0
2074 691379 0 2 4 14 33 50 45 23 19 7 0 0
2075 691216 13 19 27 59 40 22 5 2 1 1 0 0
2076 691481 2 2 14 17 37 62 36 14 4 6 0 0
2077 691289 1 3 9 30 54 42 30 11 5 4 0 0
2078 691285 2 8 15 30 53 50 19 8 3 0 0 0
2079 691524 4 8 12 37 70 27 16 6 0 1 0 0
2080 690433 4 8 33 61 55 13 8 5 1 0 0 0
2081 691369 0 2 15 28 70 38 21 7 5 0 0 0
2082 691323 7 11 24 45 62 24 10 1 0 0 0 0
2083 691578 2 3 6 31 77 36 23 6 3 2 0 0
2084 690437 4 2 7 19 46 53 35 10 6 3 0 0
2085 689927 2 6 17 45 48 37 19 3 2 3 0 0
2086 691592 0 4 4 31 67 50 24 6 1 4 0 0
2087 691572 1 1 1 12 35 46 36 28 23 15 0 0
2088 690280 0 1 13 34 61 45 14 14 1 3 0 0
2089 691199 2 2 5 28 58 45 26 13 6 3 0 0
2090 691480 0 1 2 10 39 52 46 25 7 5 0 0
2091 691550 1 4 11 24 63 50 22 6 6 5 0 0
2092 691265 0 1 12 22 48 57 28 15 8 2 0 0
2093 690402 1 5 14 28 68 45 21 6 2 0 0 0
2094 691384 1 7 9 30 67 37 23 6 7 0 0 0
2095 691139 6 9 19 51 67 23 8 1 1 0 0 0
2096 690216 2 12 19 49 54 30 12 5 0 0 0 0
2097 691575 0 5 6 26 46 57 31 10 6 1 0 0
2098 691562 0 2 2 6 43 53 51 23 14 4 0 0
2099 690553 2 4 15 23 66 48 22 6 0 1 0 0
2100 690544 0 2 1 14 45 52 37 26 10 7 0 0
2101 691161 0 4 9 13 37 58 36 26 4 4 0 0
2102 691244 4 3 1 15 38 53 31 28 14 9 0 0
2103 691259 10 8 18 41 74 22 12 3 2 0 0 0
2104 691270 0 2 10 19 52 51 32 14 6 4 0 0
2105 691631 1 3 11 26 58 46 26 10 5 0 0 0
2106 691636 4 6 15 37 78 28 13 5 1 0 0 0
2107 690863 3 2 8 23 57 44 28 15 6 3 0 0
2108 691629 0 5 5 24 67 48 15 10 7 4 0 0
2109 691209 0 2 6 26 52 47 28 18 5 1 0 0
2110 691503 2 7 16 26 64 43 17 9 1 3 0 0
2111 691496 2 3 13 19 56 56 25 9 4 4 0 0
2112 691498 6 8 8 32 50 41 20 12 8 4 0 0
2113 691559 0 1 8 8 36 68 38 18 10 7 0 0
2114 691126 6 15 13 42 59 30 17 3 3 1 0 0
2115 691472 1 7 4 9 30 55 43 30 15 5 0 0
2116 691584 3 6 19 42 73 30 5 2 0 0 0 0
2117 690745 4 5 19 24 63 43 16 7 4 2 0 0
2118 691628 2 1 3 11 44 46 34 24 13 7 0 0
2119 691482 8 10 23 51 58 19 10 4 1 2 0 0
2120 691311 2 5 7 35 55 47 20 11 5 2 0 0
2121 691641 0 1 15 21 43 46 33 15 2 7 0 0
2122 691566 0 4 9 23 68 42 26 10 4 1 0 0
2123 691632 3 11 21 47 68 30 5 2 0 1 0 0
2124 691368 1 0 3 11 35 56 37 21 18 14 0 0
2125 691202 2 4 14 39 72 33 13 3 2 1 0 0
2126 690347 0 2 2 17 49 48 40 20 8 6 0 0
2127 689967 0 1 2 14 25 59 38 27 18 11 0 0
2128 691105 2 2 7 21 57 57 24 10 5 4 0 0
2129 691644 8 10 23 41 70 19 9 1 3 1 0 0
2130 691038 1 5 12 41 56 41 24 4 1 1 0 0
2131 691273 1 2 10 24 52 44 27 14 6 5 0 0
2132 691494 2 6 20 34 72 42 9 2 1 0 0 0
2133 690186 2 8 21 45 62 31 12 4 1 1 0 0
2134 691372 3 3 7 14 47 48 33 21 8 6 0 0
2135 691635 0 2 4 37 63 57 17 5 7 2 0 0
2136 690313 1 2 11 32 68 38 22 11 4 1 0 0
2137 691363 14 20 39 56 46 4 1 1 1 0 0 0
2138 690768 0 7 15 37 58 40 13 11 6 3 0 0
2139 691650 5 8 25 52 62 26 6 5 1 0 0 0
2140 690695 0 4 10 42 79 33 11 1 4 0 0 0
2141 690202 3 10 18 39 66 38 9 5 0 2 0 0
2142 691269 2 0 18 22 60 47 25 11 4 1 0 0
2143 691180 0 2 12 14 43 62 36 14 3 3 0 0
2144 691218 2 7 10 32 55 44 23 7 6 1 0 0
2145 442372 7 6 36 69 73 41 21 12 10 3 0 0
2146 441767 2 5 14 67 104 43 28 13 2 1 0 0
2147 440900 2 5 27 75 114 40 12 3 0 1 0 0
2148 441091 0 2 14 58 83 57 30 18 6 2 0 0
2149 441715 2 2 5 37 67 64 46 36 17 6 0 0
2150 440993 0 1 4 34 86 86 43 19 7 4 0 0
2151 442389 6 11 41 104 86 22 8 2 0 1 0 0
2152 442186 2 2 13 46 106 68 25 12 5 2 0 0
2153 442377 1 5 10 57 107 69 13 13 3 3 0 0
2154 441662 4 13 26 91 92 44 8 0 1 2 0 0
2155 441858 2 6 27 80 91 47 21 6 0 2 0 0
2156 442609 2 3 19 59 92 50 34 12 4 2 0 0
2157 442556 2 2 16 75 87 54 25 10 6 4 0 0
2158 441663 10 17 38 104 54 29 15 8 6 1 0 0
2159 442438 0 3 16 45 103 64 28 14 5 3 0 0
2160 443021 2 0 13 38 81 62 43 22 14 7 0 0
2161 441239 0 0 5 46 78 71 40 18 8 6 0 0
2162 442253 0 3 6 22 67 80 68 28 11 4 0 0
2163 442098 4 7 21 78 113 33 13 4 0 2 0 0
2164 442998 2 0 5 13 59 67 56 46 23 14 0 0
2165 441035 2 2 13 65 86 62 25 10 2 2 0 0
2166 442985 2 3 11 60 96 68 25 14 4 2 0 0
2167 441902 1 1 17 38 83 85 43 9 4 4 0 0
2168 442769 5 18 28 100 82 23 8 1 2 1 0 0
2169 442750 1 8 10 54 113 64 23 4 2 1 0 0
2170 442376 0 0 16 70 99 62 18 10 2 1 0 0
2171 440769 0 6 6 24 54 89 58 22 7 13 0 0
2172 442109 0 1 7 43 88 76 44 19 6 2 0 0
2173 442207 2 5 27 61 89 55 20 6 0 3 0 0
2174 442707 1 7 19 77 92 40 18 7 5 1 0 0
2175 441882 5 7 33 85 97 37 12 5 1 1 0 0
2176 442641 1 0 6 10 60 82 72 31 18 8 0 0
2177 442573 0 3 12 57 92 75 24 11 6 2 0 0
2178 441432 2 4 9 60 85 63 26 14 4 2 0 0
2179 442730 1 14 22 82 110 26 7 4 2 1 0 0
2180 441814 1 6 26 85 81 50 20 12 3 3 0 0
2181 442961 0 3 6 36 83 78 41 23 7 3 0 0
2182 442861 8 17 35 87 79 31 7 6 0 2 0 0
2183 442818 2 3 11 71 94 60 32 6 5 1 0 0
2184 442967 0 0 8 28 56 81 65 30 10 5 0 0
2185 443000 15 24 51 83 59 25 5 3 0 1 0 0
2186 443002 5 14 31 111 82 22 7 4 2 1 0 0
2187 442629 0 6 13 55 98 70 21 8 4 4 0 0
2188 442603 0 1 2 15 29 65 77 42 28 23 0 0
2189 441942 2 2 18 61 103 61 24 14 1 1 0 0
2190 442504 2 6 20 75 88 48 26 7 5 4 0 0
2191 441182 0 0 9 48 75 74 24 27 9 4 0 0
2192 441625 0 6 24 63 98 46 18 16 2 2 0 0
2193 442713 0 1 8 13 59 77 67 28 13 13 0 0
2194 442076 0 1 9 26 68 71 57 27 13 4 0 0
2195 442945 0 0 4 11 53 89 63 36 23 11 0 0
2196 443011 1 0 7 19 47 76 71 41 19 11 0 0
2197 442533 2 6 24 97 83 41 18 6 2 1 0 0
2198 442654 3 9 38 82 96 36 12 3 1 2 0 0
2199 442022 4 8 12 68 99 54 19 10 3 3 0 0
2200 442415 0 1 8 43 86 85 35 20 3 3 0 0
2201 442425 0 1 3 22 45 55 56 47 28 27 0 0
2202 443017 3 1 22 60 93 67 23 10 1 2 0 0
2203 441463 1 3 25 75 89 59 12 5 1 1 0 0
2204 442850 0 1 7 15 55 71 64 34 20 8 0 0
2205 442653 2 7 29 79 102 43 13 1 1 1 0 0
2206 441061 1 1 8 33 62 66 47 25 15 18 0 0
2207 443028 0 2 11 42 82 73 38 15 3 4 0 0
2208 442496 5 10 31 85 90 35 13 2 4 1 0 0
2209 442644 0 1 3 19 59 82 64 30 20 10 0 0
2210 442789 0 2 8 42 95 63 39 19 6 3 0 0
2211 442679 1 4 17 77 98 48 15 7 4 1 0 0
2212 442663 7 15 37 96 89 31 8 2 0 2 0 0
2213 442448 1 5 9 44 76 66 41 14 6 3 0 0
2214 442422 2 2 8 45 89 65 43 12 6 3 0 0
2215 442893 0 6 13 33 76 77 38 24 7 3 0 0
2216 442541 1 7 14 67 102 56 21 6 2 1 0 0
2217 443004 0 0 4 18 47 70 48 42 29 22 0 0
2218 442696 2 7 16 65 89 60 26 11 2 3 0 0
2219 442984 0 1 12 45 91 81 29 19 6 2 0 0
2220 441658 0 0 10 39 80 77 27 23 10 6 0 0
2221 442990 1 3 17 66 94 43 28 18 5 2 0 0
2222 442465 0 1 4 23 68 85 60 29 7 8 0 0
2223 441203 0 2 7 31 83 81 45 13 12 7 0 0
2224 442757 4 6 27 71 114 36 16 4 2 1 0 0
2225 440865 8 20 28 86 61 40 21 11 1 2 0 0
2226 442555 2 10 35 90 91 33 8 3 0 1 0 0
2227 441784 24 10 19 43 53 51 33 27 12 16 0 0
2228 440745 0 2 14 51 88 61 37 19 4 4 0 0
2229 442963 1 3 13 64 103 58 17 17 4 1 0 0
2230 442860 5 4 16 67 94 54 28 12 3 2 0 0
2231 442687 13 22 45 80 88 20 8 1 6 1 0 0
2232 442588 1 5 13 55 85 59 34 17 6 3 0 0
2233 442939 0 3 10 34 89 81 38 19 7 5 0 0
2234 440774 0 3 6 33 64 78 58 30 9 8 0 0
2235 442545 3 5 12 48 82 75 29 11 5 3 0 0
2236 441736 1 0 3 12 33 61 53 59 32 27 0 0
2237 440880 1 6 18 70 81 42 28 11 10 1 0 0
2238 441175 4 3 10 54 89 84 23 10 5 3 0 0
2239 441752 0 4 9 45 96 68 34 13 3 2 0 0
2240 442995 10 23 45 100 62 23 8 2 2 1 0 0
2241 441186 0 5 18 61 96 69 21 10 1 2 0 0
2242 442899 0 1 3 9 21 54 66 61 47 39 0 0
2243 442336 0 2 3 24 71 81 57 22 18 10 0 0
2244 440953 1 2 3 21 77 86 56 22 16 5 0 0
2245 442446 4 4 18 79 101 40 13 9 0 3 0 0
2246 442400 2 1 15 71 97 51 30 9 3 3 0 0
2247 441627 2 8 15 62 99 62 12 8 2 3 0 0
2248 442636 14 9 31 76 62 47 17 12 8 6 0 0
2249 442708 4 8 18 53 84 67 29 18 3 8 0 0
2250 441440 0 3 11 39 91 73 34 17 11 1 0 0
2251 442703 2 3 24 73 86 48 20 6 4 1 0 0
2252 441088 1 7 14 75 106 43 24 8 1 1 0 0
2253 442439 0 2 8 36 74 79 45 17 6 2 0 0
2254 442811 1 4 17 62 82 47 26 13 14 8 0 0
2255 442495 2 3 23 64 78 69 31 6 4 1 0 0
2256 442596 9 13 45 101 69 25 13 1 1 1 0 0
2257 442992 1 2 9 59 97 65 28 12 1 3 0 0
2258 443005 1 3 15 76 99 52 22 11 3 1 0 0
2259 442105 8 4 20 55 87 64 24 19 7 1 0 0
2260 442182 0 2 9 29 72 87 47 25 6 8 0 0
2261 442113 17 18 41 95 55 28 10 8 2 4 0 0
2262 441826 2 3 19 69 102 52 19 10 0 2 0 0
2263 442564 2 4 12 61 95 67 17 10 3 2 0 0
2264 441227 0 7 19 56 105 61 23 11 3 1 0 0
2265 442755 5 7 23 88 94 36 15 7 1 1 0 0
2266 442787 1 1 13 40 76 89 36 17 5 1 0 0
2267 442391 0 8 20 77 94 48 21 11 0 1 0 0
2268 440806 0 3 11 42 91 81 37 15 1 2 0 0
2269 442515 0 3 20 49 93 60 23 21 8 3 0 0
2270 442241 1 1 13 38 100 64 36 16 8 2 0 0
2271 442987 1 1 13 31 69 75 54 20 13 8 0 0
2272 442416 1 0 1 13 41 46 72 53 30 23 0 0
2273 442373 7 16 44 104 64 18 9 6 2 2 0 0
2274 442284 0 2 16 38 77 80 46 15 6 2 0 0
2275 442991 1 1 12 48 71 66 42 28 9 4 0 0
2276 442976 1 5 12 48 77 72 38 12 3 3 0 0
2277 440840 0 1 14 50 72 81 20 19 5 4 0 0
2278 443010 0 1 5 23 54 52 53 43 26 18 0 0
2279 441100 1 3 16 55 85 74 42 11 2 3 0 0
2280 442275 2 6 15 57 106 60 22 8 2 2 0 0
2281 442427 4 7 22 81 80 48 13 6 1 4 0 0
2282 443009 6 11 25 90 82 37 22 9 0 3 0 0
2283 443001 1 0 13 44 93 70 37 18 10 5 0 0
2284 442724 6 14 41 102 78 23 4 1 1 2 0 0
2285 735639 0 1 2 20 41 39 13 6 4 1 0 0
2286 735723 1 2 2 24 48 34 9 3 1 0 0 0
2287 735741 0 2 9 27 58 23 4 2 0 0 0 0
2288 735780 1 1 8 25 52 24 13 3 3 0 0 0
2289 736097 0 2 9 18 44 35 11 3 0 2 0 0
2290 735183 2 6 7 17 50 23 10 8 0 1 0 0
2291 735182 1 1 4 15 29 34 21 11 7 1 0 0
2292 735521 1 0 1 11 41 46 21 7 2 2 0 0
2293 734839 0 0 2 14 42 32 20 4 2 2 0 0
2294 736020 0 2 8 25 51 27 6 1 0 0 0 0
2295 735397 0 0 3 12 39 46 16 8 3 1 0 0
2296 736019 0 0 4 5 18 47 30 10 11 3 0 0
2297 735939 0 0 2 0 16 24 44 28 9 7 0 0
2298 735552 10 6 10 36 35 20 4 2 0 1 0 0
2299 735555 1 0 6 31 58 20 1 2 0 0 0 0
2300 735802 6 15 24 40 22 5 3 2 0 1 0 0
2301 735748 1 0 3 13 35 39 24 7 5 1 0 0
2302 735468 0 2 2 16 39 44 8 7 1 0 0 0
2303 735718 0 0 2 9 35 40 24 9 8 4 0 0
2304 735711 1 1 4 14 37 33 14 9 2 3 0 0
2305 735791 0 0 1 13 33 40 24 8 2 2 0 0
2306 735870 1 2 13 31 46 24 4 2 0 0 0 0
2307 736086 0 2 3 14 56 32 12 6 0 1 0 0
2308 735848 0 0 12 22 57 17 7 2 1 0 0 0
2309 735685 0 1 8 15 56 35 7 2 1 0 0 0
2310 735760 0 2 4 28 55 27 7 3 0 0 0 0
2311 735156 0 0 0 4 9 29 36 22 16 10 0 0
2312 735271 1 2 1 14 33 42 14 10 4 0 0 0
2313 735659 0 2 6 12 32 47 12 3 3 1 0 0
2314 735665 0 1 1 12 33 36 26 8 5 2 0 0
2315 736100 0 0 3 27 49 31 10 3 1 0 0 0
2316 735828 1 4 2 20 53 33 7 3 0 0 0 0
2317 735798 0 1 6 14 44 38 18 2 2 0 0 0
2318 735622 4 8 18 37 36 8 4 1 0 0 0 0
2319 734854 1 5 15 33 46 13 7 1 1 1 0 0
2320 735553 1 2 4 12 49 39 14 1 0 0 0 0
2321 736072 1 4 4 17 55 34 4 3 1 0 0 0
2322 736081 0 0 4 9 36 42 13 12 4 2 0 0
2323 735408 0 0 6 14 50 30 19 4 1 3 0 0
2324 736080 0 0 14 25 53 20 6 2 1 1 0 0
2325 735728 1 8 12 25 45 18 6 5 2 0 0 0
2326 735585 0 3 10 32 51 23 1 1 0 0 0 0
2327 735897 0 1 1 7 27 32 31 14 5 2 0 0
2328 735993 0 0 6 21 53 31 8 6 2 1 0 0
2329 735914 0 1 4 11 38 39 19 8 4 1 0 0
2330 735744 0 1 0 11 26 46 27 8 3 2 0 0
2331 735720 0 1 5 24 53 27 6 3 2 1 0 0
2332 735833 0 2 9 24 55 22 5 3 1 0 0 0
2333 734503 0 0 0 8 21 46 28 17 4 4 0 0
2334 736085 0 0 2 7 40 34 27 10 4 4 0 0
2335 736094 0 0 4 8 43 37 20 5 4 1 0 0
2336 735866 0 1 2 13 37 32 22 15 2 1 0 0
2337 736096 0 1 8 15 54 26 15 4 3 0 0 0
2338 735888 3 2 6 12 32 35 19 12 7 2 0 0
2339 735794 2 9 22 39 46 4 1 2 0 0 0 0
2340 736006 1 2 3 9 36 40 24 3 3 0 0 0
2341 734987 0 1 7 21 56 20 11 3 1 0 0 0
2342 736083 1 2 7 16 41 28 16 10 2 2 0 0
2343 735927 0 1 5 8 36 39 22 9 5 1 0 0
2344 735721 3 4 8 31 43 19 16 3 1 0 0 0
2345 735662 6 5 18 35 35 16 2 1 0 0 0 0
2346 735746 0 2 5 23 57 30 6 4 1 0 0 0
2347 735478 0 3 5 5 38 51 17 7 4 0 0 0
2348 736091 0 2 10 18 37 29 13 11 1 2 0 0
2349 735043 0 7 11 35 39 21 5 4 1 0 0 0
2350 735558 0 0 3 12 45 38 13 11 4 0 0 0
2351 735684 3 4 11 11 42 30 11 9 5 1 0 0
2352 735947 0 0 2 2 16 38 19 25 11 8 0 0
2353 736005 1 0 8 31 59 22 1 2 1 0 0 0
2354 736114 0 0 2 4 40 39 25 13 5 1 0 0
2355 736009 5 3 10 25 40 20 4 6 2 0 0 0
2356 735022 0 2 9 12 46 28 13 9 1 3 0 0
2357 735646 0 0 1 8 34 41 24 12 1 1 0 0
2358 735967 0 3 2 4 35 48 24 7 3 1 0 0
2359 735996 7 14 19 45 24 7 5 1 1 1 0 0
2360 736128 0 1 3 12 40 40 18 7 3 0 0 0
2361 735567 0 0 2 3 23 41 36 18 3 1 0 0
2362 735637 3 1 9 24 57 20 7 3 0 0 0 0
2363 736131 0 0 4 11 33 33 21 14 3 5 0 0
2364 735832 1 0 6 16 45 33 14 4 3 4 0 0
2365 735853 0 2 6 11 35 42 23 3 4 2 0 0
2366 735658 2 2 13 38 41 16 6 2 0 1 0 0
2367 735757 3 1 11 36 53 16 3 4 1 0 0 0
2368 736108 0 3 4 17 50 29 14 6 1 0 0 0
2369 736021 4 4 14 34 44 12 3 3 0 1 0 0
2370 735864 0 1 4 6 23 35 22 21 8 6 0 0
2371 734790 0 0 1 5 17 41 33 11 19 3 0 0
2372 736027 0 1 2 10 26 43 27 8 4 3 0 0
2373 735753 0 0 4 12 49 36 11 3 5 2 0 0
2374 735836 0 0 4 7 19 34 38 17 7 2 0 0
2375 735698 0 1 15 20 42 27 7 6 2 2 0 0
2376 734884 0 3 2 22 42 34 14 3 3 0 0 0
2377 735999 0 1 4 12 42 39 14 6 4 0 0 0
2378 735990 0 1 9 23 60 17 3 5 0 0 0 0
2379 735983 0 3 6 11 43 46 10 6 0 0 0 0
2380 734852 0 0 1 14 27 37 28 16 3 3 0 0
2381 735078 0 4 3 4 30 31 28 14 4 3 0 0
2382 735759 1 2 12 24 49 24 5 7 0 0 0 0
2383 734924 2 1 4 18 37 35 15 9 5 1 0 0
2384 735286 5 6 14 40 42 12 4 2 1 0 0 0
2385 734853 0 0 4 15 40 38 15 3 4 1 0 0
2386 735965 1 1 3 18 43 40 14 6 2 0 0 0
2387 735985 0 1 3 11 29 42 21 11 4 1 0 0
2388 735525 3 13 18 36 35 8 3 3 2 0 0 0
2389 736017 0 1 5 15 54 31 12 4 0 1 0 0
2390 736089 0 0 3 9 47 33 20 7 1 0 0 0
2391 735635 0 1 4 9 30 39 22 17 6 3 0 0
2392 735366 0 0 2 12 33 52 17 4 1 0 0 0
2393 736028 0 0 1 18 47 32 13 8 1 0 0 0
2394 736126 0 0 5 4 30 46 21 12 4 3 0 0
2395 735782 3 4 10 31 38 24 5 4 0 0 0 0
2396 736012 1 1 3 9 29 41 23 12 8 2 0 0
2397 735937 1 5 8 26 51 21 3 3 1 0 0 0
2398 735982 0 1 5 11 51 37 13 7 2 0 0 0
2399 735948 0 3 7 22 44 34 7 3 0 1 0 0
2400 735925 0 1 5 12 24 51 20 6 3 4 0 0
2401 735951 0 2 3 23 53 25 9 3 1 0 0 0
2402 735388 0 1 6 30 59 14 3 7 0 0 0 0
2403 736013 1 1 1 14 39 38 17 10 1 2 0 0
2404 735857 1 1 6 22 35 37 15 4 2 1 0 0
2405 735699 0 0 7 17 50 40 5 3 1 0 0 0
2406 735841 0 0 3 15 37 47 11 6 1 0 0 0
2407 735834 0 3 5 24 48 28 11 4 1 1 0 0
2408 734489 0 0 2 9 20 29 34 19 15 7 0 0
2409 736123 2 1 6 25 45 30 13 1 4 0 0 0
2410 735674 0 2 6 12 49 42 9 3 1 1 0 0
2411 735840 0 1 4 11 35 36 18 10 5 4 0 0
2412 735901 3 2 5 9 44 37 17 6 1 0 0 0
2413 735940 1 3 10 50 41 7 2 2 0 0 0 0
2414 735575 0 0 4 16 37 38 17 9 2 0 0 0
2415 736008 1 1 9 31 45 25 8 3 2 0 0 0
2416 736098 0 1 4 9 41 38 18 11 3 0 0 0
2417 736093 0 0 3 6 25 33 32 15 8 4 0 0
2418 736007 0 0 4 8 30 35 32 14 3 3 0 0
2419 735906 1 3 8 27 61 19 7 2 1 0 0 0
2420 735712 0 3 9 22 46 21 11 6 1 0 0 0
2421 735809 0 0 6 14 45 37 18 6 2 0 0 0
2422 735678 0 0 1 5 22 44 31 20 5 2 0 0
2423 735992 1 2 6 19 33 48 10 6 1 0 0 0
2424 735824 0 0 9 15 50 32 13 5 1 1 0 0
2425 735752 0 0 2 3 12 14 40 29 15 16 0 0
2426 735697 0 0 0 4 22 25 34 28 14 8 0 0
2427 736084 7 10 21 35 38 10 0 1 0 2 0 0
2428 736015 0 2 15 24 49 27 4 2 0 0 0 0
2429 735745 1 2 15 34 50 23 1 1 0 0 0 0
2430 735976 1 3 5 17 56 29 6 5 0 1 0 0
2431 735703 0 0 2 7 35 46 21 14 3 2 0 0
2432 164657 0 2 2 9 34 67 70 43 57 26 0 0
2433 165925 3 4 25 67 115 64 13 12 4 0 0 0
2434 165386 0 1 9 21 67 94 71 34 18 6 0 0
2435 164639 0 2 14 39 96 83 37 18 8 1 0 0
2436 165371 0 4 14 37 95 93 27 20 7 3 0 0
2437 166027 1 5 5 16 59 97 68 49 30 13 0 0
2438 164605 2 2 13 25 91 97 47 25 8 1 0 0
2439 164710 2 7 23 53 119 61 22 16 4 1 0 0
2440 165899 1 9 24 56 112 71 23 10 6 2 0 0
2441 165054 0 5 16 35 101 81 34 15 5 2 0 0
2442 166047 0 1 7 22 50 79 67 51 26 12 0 0
2443 163945 2 0 4 16 29 67 48 59 46 37 0 0
2444 164876 2 4 29 50 103 76 18 14 5 2 0 0
2445 163940 1 4 14 49 95 62 36 23 13 3 0 0
2446 163950 0 4 15 28 80 92 55 27 7 11 0 0
2447 165949 2 9 29 58 89 70 29 12 6 2 0 0
2448 164010 2 10 30 85 120 31 9 6 0 1 0 0
2449 165976 0 5 11 44 88 94 42 19 8 5 0 0
2450 164942 0 6 18 34 89 85 41 22 14 8 0 0
2451 165721 1 0 6 33 64 86 60 37 15 6 0 0
2452 164686 0 2 12 55 87 81 39 22 6 1 0 0
2453 165616 5 14 24 72 114 51 12 6 0 5 0 0
2454 165901 0 0 9 12 29 63 68 63 51 48 0 0
2455 165598 2 6 42 78 131 47 11 2 1 0 0 0
2456 166054 6 15 36 93 104 23 8 3 0 0 0 0
2457 164740 0 5 11 31 82 98 46 22 7 9 0 0
2458 164869 0 8 22 60 105 72 26 15 4 2 0 0
2459 164902 1 10 32 61 100 68 19 9 2 1 0 0
2460 165188 7 13 37 69 111 44 14 6 2 0 0 0
2461 164833 1 3 14 28 61 84 60 34 20 9 0 0
2462 165336 1 8 18 52 86 74 35 14 8 8 0 0
2463 164947 3 9 37 85 104 39 11 7 2 2 0 0
2464 164622 2 5 22 61 86 72 37 10 3 1 0 0
2465 165076 6 2 24 68 101 64 26 10 3 1 0 0
2466 165041 0 3 13 37 82 92 48 22 8 3 0 0
2467 165998 0 2 27 32 126 71 23 11 3 0 0 0
2468 165972 0 6 25 54 109 74 19 8 4 2 0 0
2469 164638 0 6 25 66 118 50 21 12 3 0 0 0
2470 165167 2 5 13 43 118 72 33 11 3 2 0 0
2471 165884 2 4 14 40 108 80 34 16 7 0 0 0
2472 166103 2 5 12 29 67 84 51 37 25 15 0 0
2473 165986 4 7 19 59 116 55 28 9 1 1 0 0
2474 165720 1 5 20 61 96 75 28 14 4 3 0 0
2475 165365 1 0 7 19 44 99 63 47 18 11 0 0
2476 165690 4 8 25 71 109 56 12 4 3 0 0 0
2477 165918 2 2 11 46 97 81 28 24 3 1 0 0
2478 165367 30 55 84 97 37 11 1 1 1 1 0 0
2479 164647 1 7 20 53 102 71 29 13 4 1 0 0
2480 165483 3 7 28 85 114 39 16 7 1 1 0 0
2481 164658 2 4 15 56 125 52 21 10 6 4 0 0
2482 165770 0 1 13 27 58 96 56 25 10 6 0 0
2483 165002 2 8 22 66 128 46 15 4 1 1 0 0
2484 164051 4 12 44 83 102 30 11 7 2 0 0 0
2485 165712 1 6 16 33 71 90 56 21 9 5 0 0
2486 165357 10 20 62 101 77 22 11 5 0 1 0 0
2487 166090 2 6 27 74 105 49 26 9 2 2 0 0
2488 165389 5 9 20 53 91 89 44 17 7 2 0 0
2489 165946 19 20 32 57 61 53 45 24 14 11 0 0
2490 165627 4 13 44 104 83 35 12 6 0 0 0 0
2491 165426 0 7 10 39 120 78 33 15 4 5 0 0
2492 165782 0 10 17 46 113 76 32 10 2 2 0 0
2493 165927 12 30 64 84 61 27 7 3 1 5 0 0
2494 165993 1 6 23 50 84 97 38 10 4 2 0 0
2495 165681 0 2 13 36 67 87 56 21 11 5 0 0
2496 164948 2 9 20 56 99 72 23 9 8 3 0 0
2497 164214 0 5 7 15 42 85 77 45 33 16 0 0
2498 166051 4 6 25 74 101 57 22 7 6 1 0 0
2499 166052 1 4 18 42 109 74 25 19 3 3 0 0
2500 166134 0 3 17 44 105 78 40 17 10 7 0 0
2501 164341 1 5 17 45 103 68 48 18 3 3 0 0
2502 164123 2 9 11 47 67 74 48 25 11 4 0 0
2503 165792 2 6 18 81 113 53 15 9 5 0 0 0
2504 165409 3 8 20 60 113 63 20 5 2 1 0 0
2505 165516 1 5 17 41 110 78 30 14 4 4 0 0
2506 165347 1 5 29 75 102 52 29 9 3 1 0 0
2507 164472 25 29 53 82 60 19 8 4 2 1 0 0
2508 163812 4 7 41 92 108 35 11 2 3 0 0 0
2509 165948 1 5 22 52 99 74 36 13 11 3 0 0
2510 165779 0 5 13 36 77 83 41 25 9 4 0 0
2511 164236 0 2 21 38 96 92 37 21 8 2 0 0
2512 164827 0 10 22 37 52 77 58 28 12 14 0 0
2513 165983 1 7 16 48 102 69 39 24 6 1 0 0
2514 165705 3 5 31 72 114 59 14 4 2 2 0 0
2515 165024 0 4 20 43 78 88 48 24 4 9 0 0
2516 166084 8 15 63 96 80 28 6 1 1 0 0 0
2517 164490 0 4 17 41 106 84 32 8 2 0 0 0
2518 166082 5 1 29 75 86 66 23 12 6 1 0 0
2519 164703 0 6 32 64 84 71 17 21 5 4 0 0
2520 165534 2 6 25 72 92 60 22 13 3 2 0 0
2521 164116 3 10 36 84 120 38 9 3 1 0 0 0
2522 165944 3 9 22 67 122 57 28 9 1 1 0 0
2523 164350 1 12 30 71 102 53 24 15 2 0 0 0
2524 165794 5 8 22 54 118 57 25 11 1 3 0 0
2525 165358 0 9 24 53 129 52 14 6 0 0 0 0
2526 166077 1 11 28 69 89 63 21 11 4 0 0 0
2527 166038 7 11 46 100 84 28 11 4 1 1 0 0
2528 165423 2 4 22 38 93 62 37 25 11 3 0 0
2529 165481 2 4 12 26 59 80 54 38 24 9 0 0
2530 165262 0 15 33 85 110 38 10 7 1 1 0 0
2531 165236 17 50 78 88 48 13 2 2 1 1 0 0
2532 165891 1 6 14 66 100 57 33 12 3 1 0 0
2533 165306 3 13 39 103 108 27 13 1 0 0 0 0
2534 163801 10 26 65 102 75 14 1 4 1 0 0 0
2535 164717 2 7 33 73 102 52 14 4 2 2 0 0
2536 165933 3 3 25 67 96 73 32 13 3 1 0 0
2537 166133 0 12 19 59 130 55 22 6 4 2 0 0
2538 166022 2 12 24 50 97 62 29 21 3 1 0 0
2539 165957 17 16 37 88 88 41 12 4 2 1 0 0
2540 164986 2 5 25 88 112 53 14 6 1 2 0 0
2541 164340 5 13 41 93 70 53 14 10 0 1 0 0
2542 165466 7 24 54 88 77 28 12 4 2 1 0 0
2543 164985 1 6 26 75 128 54 15 11 2 0 0 0
2544 166036 3 5 23 61 114 64 15 11 4 1 0 0
2545 165805 9 11 35 49 89 72 16 10 3 7 0 0
2546 165711 0 5 4 38 104 101 37 15 7 2 0 0
2547 164943 1 5 14 47 81 74 43 23 7 6 0 0
2548 165037 1 5 14 25 57 81 51 45 25 11 0 0
2549 166080 0 8 18 72 116 59 26 8 2 0 0 0
2550 164660 0 5 16 40 104 64 29 27 13 3 0 0
2551 165930 1 9 19 57 102 75 35 21 5 0 0 0
2552 165129 0 3 18 42 84 89 38 26 6 4 0 0
2553 164995 1 7 18 51 104 64 34 10 4 0 0 0
2554 164990 0 3 12 22 28 60 75 57 56 31 0 0
2555 164583 5 14 36 86 107 46 12 9 1 2 0 0
2556 165929 0 1 9 31 93 83 44 25 8 3 0 0
2557 164368 0 5 14 48 105 78 32 14 7 1 0 0
2558 164861 1 7 26 59 90 77 27 15 7 0 0 0
2559 165679 0 4 6 15 45 65 58 54 47 18 0 0
2560 165877 9 20 42 77 80 49 19 4 1 2 0 0
2561 165896 3 5 22 51 85 78 39 18 9 2 0 0
2562 165503 0 2 7 43 67 84 58 39 21 8 0 0
2563 166118 7 12 37 60 92 51 17 8 2 3 0 0
2564 165315 3 8 38 61 99 59 31 12 6 2 0 0
2565 165676 4 14 38 93 71 31 16 8 8 2 0 0
2566 166028 1 3 20 41 93 78 35 28 7 5 0 0
2567 164544 0 10 25 55 101 67 22 14 2 2 0 0
2568 165771 0 1 13 28 95 82 47 21 9 1 0 0
2569 165988 0 10 26 69 120 54 21 7 3 2 0 0
2570 165674 2 4 15 56 122 74 21 15 2 2 0 0
2571 163833 1 2 10 33 68 97 52 25 9 4 0 0
2572 165304 4 5 18 49 104 66 35 11 4 2 0 0
2573 164317 2 7 18 53 92 65 42 14 1 1 0 0
2574 164174 2 3 26 56 118 64 16 6 1 2 0 0
2575 166074 11 19 65 91 78 23 6 2 2 0 0 0
2576 165478 0 7 28 68 94 63 18 11 0 3 0 0
2577 165163 0 4 21 34 124 71 39 16 2 2 0 0
2578 166095 3 10 26 57 99 68 22 12 4 3 0 0
2579 164372 2 8 24 47 69 82 46 16 12 7 0 0
2580 166136 0 3 10 46 114 82 36 16 1 3 0 0
2581 165743 5 8 34 80 107 52 13 9 0 0 0 0
2582 165642 0 6 17 46 104 78 33 14 7 1 0 0
2583 165231 1 7 15 57 90 63 44 15 3 2 0 0
2584 163901 1 3 15 52 116 72 43 12 4 1 0 0
2585 165883 2 5 37 65 121 36 14 7 0 3 0 0
2586 165148 2 7 24 45 114 67 22 9 1 4 0 0
2587 165467 1 5 14 43 91 68 48 21 12 5 0 0
2588 165800 7 7 17 36 75 78 44 30 15 11 0 0
2589 165025 2 3 22 63 110 60 26 8 3 0 0 0
2590 165344 4 6 24 62 126 60 16 6 5 1 0 0
2591 166106 1 6 17 47 96 86 42 12 6 1 0 0
2592 165660 7 10 37 80 95 42 17 13 2 8 0 0
2593 164198 3 16 32 69 100 27 21 14 5 2 0 0
2594 165253 2 11 32 67 109 50 17 5 0 1 0 0
2595 165886 5 3 21 53 107 74 28 17 6 2 0 0
2596 165415 10 22 40 94 77 30 12 4 2 1 0 0
2597 164428 1 9 24 63 111 61 21 10 5 1 0 0
2598 166075 1 2 10 24 59 106 63 38 9 16 0 0
2599 163910 2 4 18 51 93 77 34 16 4 1 0 0
2600 165931 10 24 45 102 67 40 14 3 3 2 0 0
2601 165940 10 14 36 77 89 57 26 15 1 1 0 0
2602 163854 4 12 35 83 78 53 21 10 7 2 0 0
2603 165671 0 7 23 67 135 49 17 6 4 2 0 0
2604 165803 4 8 14 64 115 59 28 8 9 1 0 0
2605 166023 9 14 31 54 84 54 25 13 4 6 0 0
2606 166088 2 2 23 49 99 75 30 13 1 0 0 0
2607 164034 6 16 45 105 91 30 9 5 0 0 0 0
2608 165733 90 59 53 40 45 16 6 2 3 1 0 0
2609 164625 0 3 14 25 66 88 53 33 19 5 0 0
2610 165778 3 11 29 70 79 67 30 15 5 2 0 0
2611 163918 25 36 68 79 61 21 7 3 3 0 0 0
2612 166086 0 2 13 21 77 102 49 38 5 4 0 0
2613 163828 3 5 27 64 93 59 29 7 1 8 0 0
2614 164172 0 4 22 57 100 70 34 15 5 0 0 0
2615 165453 6 16 42 102 87 31 22 12 1 0 0 0
2616 165937 0 2 11 49 90 80 40 16 4 0 0 0
2617 165668 1 4 15 37 93 75 59 18 8 2 0 0
2618 164779 1 5 23 84 90 62 21 7 3 0 0 0
2619 165817 2 6 21 54 105 63 29 15 8 2 0 0
2620 164609 1 4 30 55 121 65 22 6 1 1 0 0
2621 164397 1 7 14 42 92 87 31 18 8 3 0 0
2622 165520 0 3 11 53 104 83 26 14 5 0 0 0
2623 165661 3 4 18 36 63 83 52 27 15 12 0 0
2624 166002 2 11 38 90 112 33 4 9 2 0 0 0
2625 165776 5 6 14 30 74 80 52 26 10 9 0 0
2626 164805 5 10 38 81 103 33 9 4 1 1 0 0
2627 165237 28 44 65 80 56 19 6 0 3 0 0 0
2628 165373 0 4 13 33 108 77 34 14 5 0 0 0
2629 164803 0 6 18 57 122 63 26 7 0 2 0 0
2630 165011 1 5 23 32 63 74 55 40 13 8 0 0
2631 165513 0 6 24 51 124 68 16 10 2 1 0 0
2632 165462 2 4 19 52 102 76 34 11 4 1 0 0
2633 165753 2 2 16 40 95 91 40 14 7 4 0 0
2634 164057 3 7 17 63 104 68 21 8 2 6 0 0
2635 165693 1 1 7 39 105 80 39 22 14 2 0 0
2636 166089 9 19 23 48 75 77 18 25 7 9 0 0
2637 164851 0 4 16 32 85 88 53 28 7 3 0 0
2638 166132 4 11 33 76 84 58 17 14 5 1 0 0
2639 164054 5 12 42 102 79 35 16 3 2 1 0 0
2640 165498 4 7 29 100 105 38 8 6 2 0 0 0
2641 163829 0 8 33 77 95 57 23 6 1 2 0 0
2642 166004 0 3 7 45 73 97 49 28 8 4 0 0
2643 165969 11 26 47 123 74 22 1 1 0 0 0 0
2644 165053 3 7 17 42 102 68 38 12 5 1 0 0
2645 165893 1 1 31 71 92 69 19 10 5 3 0 0
2646 165038 0 2 20 54 103 76 26 14 9 1 0 0
2647 165639 25 23 36 70 70 42 23 5 2 0 0 0
2648 166094 1 3 12 37 95 80 41 30 5 3 0 0
2649 164160 1 8 21 40 63 76 51 24 9 4 0 0
2650 164984 1 11 29 82 118 44 11 3 0 1 0 0
2651 164832 4 14 34 82 112 35 19 5 2 2 0 0
2652 166024 2 8 31 85 125 43 14 9 3 2 0 0
2653 164887 1 6 13 48 95 86 34 14 5 4 0 0
2654 164848 2 9 27 65 121 48 17 11 8 5 0 0
2655 164700 1 4 22 52 98 68 26 11 4 2 0 0
2656 164980 2 10 25 61 83 60 37 11 9 6 0 0
2657 164281 5 10 21 44 69 52 38 30 14 4 0 0
2658 165364 2 4 16 44 115 70 30 9 7 5 0 0
2659 165014 1 3 14 38 115 73 36 25 6 1 0 0
2660 165997 3 11 40 96 103 45 12 0 1 0 0 0
2661 164735 0 7 28 62 105 54 18 10 2 0 0 0
2662 163799 1 4 24 55 120 64 19 7 2 0 0 0
2663 165036 6 15 38 99 100 33 15 5 2 2 0 0
2664 164074 1 7 19 59 112 62 24 11 4 2 0 0
2665 165378 7 11 40 92 104 36 11 1 0 2 0 0
2666 164454 6 18 42 81 83 45 20 7 2 1 0 0
2667 165345 3 7 40 89 103 33 15 6 1 2 0 0
2668 164733 3 5 16 61 100 54 30 22 1 7 0 0
2669 164103 0 4 13 57 98 84 33 16 4 1 0 0
2670 166083 12 11 30 57 85 64 33 20 4 4 0 0
2671 164680 5 17 33 75 104 42 27 8 1 2 0 0
2672 163995 6 8 38 94 97 47 9 6 0 1 0 0
2673 165623 5 25 46 115 81 25 9 1 0 0 0 0
2674 166102 0 2 9 23 75 93 62 31 12 4 0 0
2675 165473 3 12 33 62 82 53 27 12 4 1 0 0
2676 164438 6 17 61 77 90 39 4 5 3 1 0 0
2677 165210 2 4 11 38 84 70 46 28 9 2 0 0
2678 165222 2 1 15 38 74 84 46 24 8 7 0 0
2679 165282 0 8 19 36 67 64 55 37 19 14 0 0
2680 165576 3 6 15 54 115 80 21 10 3 1 0 0
2681 165333 6 16 33 99 86 24 11 3 1 0 0 0
2682 164687 9 14 45 99 88 40 10 8 1 1 0 0
2683 165675 21 26 64 98 59 23 5 1 1 0 0 0
2684 166092 1 6 30 58 114 55 17 9 1 0 0 0
2685 164863 2 6 21 63 95 61 36 19 1 0 0 0
2686 165889 0 4 29 64 117 48 13 8 0 1 0 0
2687 165966 3 12 27 80 94 53 24 5 4 2 0 0
2688 166017 7 30 45 104 82 23 3 7 0 2 0 0
2689 164953 0 4 15 25 97 91 49 23 7 7 0 0
2690 165801 2 7 15 45 66 80 51 24 13 6 0 0
2691 164626 1 4 16 51 92 72 45 21 5 3 0 0
2692 164971 2 9 34 77 117 41 10 5 0 0 0 0
2693 164661 4 12 43 80 96 44 7 2 2 0 0 0
2694 164804 24 52 70 97 49 10 2 0 1 0 0 0
2695 164455 2 7 16 48 121 64 27 11 5 1 0 0
2696 164988 2 4 15 73 110 49 37 12 1 1 0 0
2697 164796 1 13 52 80 85 41 13 5 1 1 0 0
2698 165880 2 3 28 73 102 59 25 9 2 0 0 0
2699 165368 0 3 18 46 96 83 43 14 3 1 0 0
2700 164730 1 1 7 37 89 87 46 26 19 4 0 0
2701 163933 4 17 48 103 77 32 7 3 2 0 0 0
2702 165707 3 7 20 50 98 67 35 13 9 3 0 0
2703 165742 4 5 13 37 59 87 51 38 12 9 0 0
2704 164627 2 3 23 45 110 65 35 17 2 1 0 0
2705 164494 2 3 24 77 95 70 30 9 3 0 0 0
2706 164624 1 6 14 47 82 71 50 31 15 3 0 0
2707 165659 0 4 16 49 81 86 38 17 9 4 0 0
2708 166091 5 4 39 81 94 52 20 12 3 1 0 0
2709 164060 0 8 24 67 114 53 16 10 3 6 0 0
2710 166031 2 3 24 58 106 57 30 13 8 3 0 0
2711 165492 5 13 44 102 99 31 7 3 1 1 0 0
2712 165056 3 6 19 63 115 57 21 7 3 2 0 0
2713 165685 1 11 40 93 82 44 18 8 4 2 0 0
2714 165073 1 6 15 43 97 73 30 19 5 1 0 0
2715 164600 3 12 33 80 96 41 17 5 0 0 0 0
2716 166014 2 6 13 53 87 70 38 26 8 4 0 0
2717 164377 1 14 40 81 98 42 12 4 0 1 0 0
2718 165895 3 9 37 68 101 51 15 6 1 2 0 0
2719 165651 5 15 46 95 90 34 13 3 3 1 0 0
2720 166037 1 1 10 27 67 82 71 35 13 14 0 0
2721 166041 0 3 13 32 73 86 54 26 13 5 0 0
2722 165359 1 7 20 63 123 56 19 9 1 0 0 0
2723 165630 0 6 27 66 105 53 27 9 7 2 0 0
2724 165070 0 2 25 56 119 69 25 10 5 0 0 0
2725 165285 2 10 22 48 88 68 32 17 6 5 0 0
2726 164577 0 3 18 45 79 94 43 21 3 2 0 0
2727 165313 3 8 43 75 92 36 15 3 3 0 0 0
2728 165943 0 4 16 37 72 88 60 29 17 7 0 0
2729 166098 1 0 12 30 99 105 48 21 4 2 0 0
2730 165035 2 9 25 66 109 59 20 12 0 1 0 0
2731 165970 8 32 64 105 58 22 6 1 1 1 0 0
2732 165614 0 7 20 40 85 80 39 22 9 5 0 0
2733 166040 3 3 19 73 109 54 26 2 4 2 0 0
2734 165708 3 2 40 55 108 53 24 9 2 2 0 0
2735 165640 2 11 46 83 107 42 12 3 1 1 0 0
2736 165961 1 6 32 62 100 51 25 11 3 1 0 0
2737 165422 0 4 23 48 110 63 30 7 1 3 0 0
2738 165894 0 4 4 14 51 69 69 56 31 23 0 0
2739 164259 1 6 31 72 120 50 17 5 0 0 0 0
2740 165768 2 6 34 97 102 38 16 4 1 2 0 0
2741 164828 0 1 10 26 62 73 65 43 14 11 0 0
2742 166105 3 12 39 66 86 49 13 13 1 1 0 0
2743 163837 5 13 42 92 104 40 6 6 0 2 0 0
2744 164309 4 3 21 61 78 76 37 14 5 3 0 0
2745 163769 3 5 31 79 95 54 15 9 4 1 0 0
2746 164766 3 6 21 97 111 43 14 8 3 0 0 0
2747 165754 1 6 33 74 118 52 19 8 2 2 0 0
2748 164633 3 18 27 48 81 69 28 26 8 3 0 0
2749 165781 24 32 52 90 66 28 6 7 1 2 0 0
2750 164463 1 11 28 84 113 42 12 5 0 1 0 0
2751 165713 1 4 23 53 125 68 17 8 4 1 0 0
2752 165686 2 5 19 38 74 86 54 31 9 4 0 0
2753 165736 0 4 11 22 49 80 66 60 37 14 0 0
2754 166123 1 8 16 51 98 78 40 16 5 0 0 0
2755 164495 2 5 26 63 130 43 20 10 1 0 0 0
2756 165695 19 28 48 75 89 30 10 7 0 1 0 0
2757 165226 1 6 23 59 95 77 28 13 4 1 0 0
2758 163929 9 16 50 86 76 34 9 4 0 0 0 0
2759 166104 1 4 14 46 107 90 29 17 5 1 0 0
2760 164062 2 18 37 98 81 32 13 8 1 6 0 0
2761 163821 0 14 24 61 96 55 23 6 5 0 0 0
2762 165744 1 5 12 57 102 81 28 13 3 1 0 0
2763 165375 3 3 15 47 95 84 27 20 5 5 0 0
2764 164220 5 7 31 73 111 49 16 5 1 1 0 0
2765 165360 0 5 21 33 95 74 43 23 6 6 0 0
2766 165687 3 16 36 67 82 62 39 16 8 2 0 0
2767 165166 0 3 7 33 67 99 48 32 16 2 0 0
2768 165418 1 5 15 56 127 63 31 5 3 0 0 0
2769 164739 7 11 34 60 102 59 26 11 3 3 0 0
2770 165741 0 7 12 48 112 76 29 20 4 0 0 0
2771 164865 10 16 42 69 76 38 29 4 5 1 0 0
2772 165982 1 3 16 44 109 71 36 17 5 2 0 0
2773 165973 1 8 30 68 112 51 17 6 1 1 0 0
2774 164445 2 5 19 49 104 76 16 14 2 0 0 0
2775 165363 0 8 26 69 121 64 14 9 0 0 0 0
2776 165934 19 31 51 101 77 19 3 1 0 0 0 0
2777 166124 0 4 18 42 115 64 34 13 5 0 0 0
2778 166033 12 24 61 88 74 35 8 3 1 3 0 0
2779 166010 0 7 31 70 121 53 17 10 0 3 0 0
2780 165362 2 1 16 56 83 91 29 12 6 1 0 0
2781 165897 2 9 36 85 109 39 14 5 0 0 0 0
2782 166138 6 10 42 85 111 21 12 1 1 0 0 0
2783 165281 1 12 30 75 79 60 22 6 5 0 0 0
2784 165858 2 0 18 33 73 90 50 26 12 8 0 0
2785 165995 0 6 13 52 102 79 20 16 10 2 0 0
2786 164810 3 10 30 88 111 42 12 5 1 0 0 0
2787 164880 4 12 19 69 95 59 25 10 2 0 0 0
2788 165587 2 1 12 39 82 95 52 19 7 4 0 0
2789 165376 2 2 11 31 68 104 45 34 4 3 0 0
2790 165773 2 3 12 47 84 75 48 20 9 8 0 0
2791 164854 0 7 21 60 90 78 36 16 4 2 0 0
2792 165684 3 7 17 52 69 74 44 29 14 9 0 0
2793 165379 2 5 16 33 91 84 43 31 13 0 0 0
2794 166085 0 3 19 63 101 72 22 9 3 2 0 0
2795 165271 3 12 29 72 89 60 21 15 2 4 0 0
2796 165350 3 1 28 80 112 59 17 4 2 0 0 0
2797 165748 0 1 7 26 77 85 63 27 7 4 0 0
2798 164966 2 2 13 31 80 101 52 18 15 1 0 0
2799 165342 1 8 19 56 97 77 31 14 6 4 0 0
2800 165951 2 7 23 55 111 68 21 11 5 1 0 0
2801 165427 4 11 28 55 85 72 32 16 8 3 0 0
2802 164840 3 12 43 87 104 33 9 2 2 0 0 0
2803 164631 1 6 12 45 122 75 36 18 5 2 0 0
2804 164780 14 28 70 94 69 18 11 4 1 1 0 0
2805 164975 2 7 17 50 88 62 41 15 4 2 0 0
2806 165283 1 5 18 47 83 81 39 16 8 0 0 0
2807 165807 1 4 20 46 111 65 35 17 3 0 0 0
2808 165496 3 6 21 54 119 51 24 8 3 3 0 0
2809 166135 0 3 19 35 104 79 25 17 8 1 0 0
2810 165480 1 6 23 55 80 71 47 17 14 6 0 0
2811 164728 0 3 19 58 105 70 23 11 3 0 0 0
2812 165637 6 4 16 50 104 68 29 15 6 4 0 0
2813 165530 0 2 7 25 65 101 66 34 13 3 0 0
2814 164040 2 16 43 87 106 37 11 7 1 1 0 0
2815 166093 1 8 21 60 111 65 18 6 0 1 0 0
2816 165878 5 16 31 101 85 44 15 10 2 0 0 0
2817 165384 2 8 17 47 81 68 49 19 7 3 0 0
2818 166076 1 3 36 72 107 47 32 8 5 0 0 0
2819 164836 2 8 25 49 96 77 30 14 3 1 0 0
2820 164382 53 69 75 50 35 10 5 2 0 2 0 0
2821 164313 0 5 14 42 91 70 51 16 11 2 0 0
2822 165738 2 7 27 82 110 37 16 9 6 0 0 0
2823 165795 2 6 20 53 97 77 32 16 6 5 0 0
2824 164530 1 6 27 62 93 66 29 14 2 2 0 0
2825 166018 5 21 45 101 94 32 1 2 0 0 0 0
2826 165772 1 7 17 56 123 59 32 6 4 1 0 0
2827 165979 1 11 34 81 103 47 17 7 0 0 0 0
2828 165965 3 13 39 91 90 51 12 3 2 1 0 0
2829 166116 2 4 14 53 102 73 37 15 5 2 0 0
2830 165029 0 2 14 31 90 85 47 30 12 4 0 0
2831 164325 4 17 44 86 96 34 9 4 1 1 0 0
2832 165518 3 1 22 77 97 57 25 8 2 0 0 0
2833 165425 1 9 29 75 120 55 14 5 2 0 0 0
2834 165206 0 3 10 36 85 92 51 20 7 3 0 0
2835 165026 2 5 18 61 123 59 21 5 4 3 0 0
2836 165968 6 11 42 70 105 47 15 4 1 2 0 0
2837 166131 1 6 19 50 114 73 24 13 4 2 0 0
2838 166109 1 7 14 36 95 96 52 18 6 6 0 0
2839 165709 2 5 11 31 76 68 59 33 23 11 0 0
2840 165903 0 9 30 62 115 67 14 4 0 2 0 0
2841 165504 1 3 19 51 101 80 29 14 9 5 0 0
2842 165859 2 14 45 84 82 41 29 14 4 3 0 0
2843 165991 1 2 14 33 74 88 62 24 11 3 0 0
2844 166079 20 39 64 102 54 13 3 2 0 0 0 0
2845 165999 2 9 30 86 117 43 13 8 2 0 0 0
2846 166056 0 13 23 78 111 51 6 8 1 0 0 0
2847 164398 0 7 28 62 104 56 25 12 3 0 0 0
2848 164589 2 5 15 40 103 74 38 20 3 1 0 0
2849 165532 15 23 47 94 63 35 6 4 3 1 0 0
2850 164370 4 7 27 52 92 70 28 17 4 1 0 0
2851 165780 4 8 37 86 107 44 12 5 0 5 0 0
2852 165526 2 11 33 89 103 38 13 6 0 1 0 0
2853 165971 4 15 32 77 107 38 14 6 1 1 0 0
2854 166097 4 11 25 69 138 42 8 4 1 2 0 0
2855 164437 1 7 33 59 78 69 32 17 7 4 0 0
2856 166013 0 0 13 27 89 89 46 22 14 2 0 0
2857 165769 0 1 12 34 68 77 62 28 18 9 0 0
2858 165284 0 6 23 45 95 70 33 22 4 1 0 0
2859 165902 1 6 20 58 103 70 35 19 1 1 0 0
2860 164311 2 3 17 35 62 70 58 38 16 11 0 0
2861 164970 1 3 18 27 91 95 40 22 10 5 0 0
2862 165502 0 8 17 55 106 63 24 8 2 2 0 0
2863 165667 2 11 25 45 97 68 40 15 5 2 0 0
2864 164968 2 6 22 62 117 76 19 9 3 4 0 0
2865 165512 1 7 21 54 114 70 23 4 0 0 0 0
2866 165938 0 4 26 52 101 77 21 16 4 3 0 0
2867 165802 3 4 26 66 122 65 22 8 3 0 0 0
2868 164679 2 3 21 62 114 59 18 10 5 0 0 0
2869 164794 0 3 8 28 70 92 63 33 17 6 0 0
2870 164399 1 0 7 26 85 93 51 27 20 7 0 0
2871 163745 0 2 16 39 68 78 56 26 13 4 0 0
2872 166087 2 9 25 68 119 50 17 6 3 1 0 0
2873 165755 0 3 19 51 108 67 34 8 4 1 0 0
2874 164673 4 12 53 102 88 34 10 2 1 1 0 0
2875 164584 2 6 25 52 119 70 20 12 3 4 0 0
2876 165519 1 6 20 66 113 61 18 13 3 0 0 0
2877 164755 2 8 19 63 82 76 36 12 1 3 0 0
2878 166003 0 5 17 44 104 73 39 14 5 7 0 0
2879 165233 0 5 29 57 80 71 32 12 8 5 0 0
2880 164723 1 12 24 73 100 64 17 10 2 2 0 0
2881 165254 0 6 12 33 78 84 52 22 6 5 0 0
2882 164949 7 11 46 93 83 50 11 4 3 1 0 0
2883 166012 1 2 8 24 75 91 61 23 16 11 0 0
2884 164345 0 3 10 44 94 82 64 21 6 0 0 0
2885 164615 6 11 38 82 110 53 10 5 4 0 0 0
2886 164273 3 5 15 23 43 62 70 35 28 11 0 0
2887 166137 1 5 20 46 94 82 35 23 9 1 0 0
2888 165414 2 7 17 52 103 78 38 14 8 0 0 0
2889 165381 2 2 19 36 100 76 39 14 1 0 0 0
2890 165086 6 12 21 37 42 64 58 40 16 23 0 0
2891 165634 4 6 31 82 105 56 16 9 2 0 0 0
2892 165352 4 13 36 74 85 50 18 13 4 3 0 0
2893 165230 2 7 39 74 104 49 19 6 0 0 0 0
2894 165311 11 29 47 90 70 28 13 1 1 0 0 0
2895 165482 1 9 20 52 114 63 16 9 5 2 0 0
2896 165818 1 3 25 58 106 83 16 7 7 0 0 0
2897 164820 0 6 28 69 90 70 20 9 3 1 0 0
2898 164593 7 10 28 111 111 27 7 1 0 0 0 0
2899 164969 1 8 21 70 115 53 28 11 1 2 0 0
2900 165454 11 16 38 73 97 40 20 7 3 0 0 0
2901 164725 2 1 7 34 85 88 47 38 11 5 0 0
2902 164339 2 9 22 65 113 64 19 11 1 4 0 0
2903 164938 1 7 19 56 98 75 25 12 4 1 0 0
2904 164286 0 6 16 57 109 67 28 19 9 0 0 0
2905 165051 1 3 22 64 101 62 34 8 2 4 0 0
2906 166126 0 2 17 54 95 77 51 8 5 3 0 0
2907 166099 1 2 14 42 103 74 45 17 4 0 0 0
2908 164668 6 11 42 77 90 49 13 4 1 3 0 0
2909 166081 2 7 32 58 121 59 20 6 4 0 0 0
2910 166055 2 7 34 76 117 32 11 3 2 0 0 0
2911 165388 2 3 18 61 91 78 25 21 4 1 0 0
2912 165919 1 1 10 43 77 79 55 20 5 8 0 0
2913 165575 8 12 47 96 84 42 10 4 2 1 0 0
2914 165176 1 4 20 52 85 86 34 17 6 0 0 0
2915 165732 3 11 31 73 110 44 19 8 4 0 0 0
2916 164385 5 10 24 73 120 44 18 6 2 1 0 0
2917 166117 1 7 22 52 127 66 22 3 2 1 0 0
2918 164885 1 2 19 53 97 77 39 11 2 5 0 0
2919 165033 0 2 15 31 95 77 49 26 6 3 0 0
2920 165683 16 21 36 85 84 36 7 5 0 2 0 0
2921 164383 4 7 39 70 82 58 27 11 7 1 0 0
2922 166043 3 8 33 81 98 54 24 5 1 1 0 0
2923 164319 1 7 10 60 103 71 28 10 5 0 0 0
2924 633733 4 1 15 45 78 55 23 11 0 0 0 0
2925 632964 1 1 4 20 40 76 51 37 16 6 0 0
2926 633942 1 3 16 34 90 71 19 11 2 0 0 0
2927 633940 2 6 27 56 106 42 12 2 0 0 0 0
2928 633016 0 2 14 39 73 63 29 18 1 2 0 0
2929 633559 0 0 2 10 43 86 61 31 4 2 0 0
2930 633635 0 2 9 41 95 56 27 12 1 0 0 0
2931 633658 0 5 27 52 84 49 14 5 1 0 0 0
2932 633876 1 2 8 32 69 82 30 22 8 3 0 0
2933 632364 6 18 27 81 77 23 6 1 1 0 0 0
2934 633000 0 0 3 19 62 98 45 15 8 5 0 0
2935 633690 1 2 8 25 67 100 38 8 3 1 0 0
2936 632559 1 2 5 16 44 68 52 35 12 7 0 0
2937 632644 2 0 8 44 95 58 19 12 2 1 0 0
2938 632228 0 3 9 36 70 73 24 22 3 2 0 0
2939 633665 0 1 5 33 78 71 33 10 1 1 0 0
2940 632102 1 8 22 61 96 42 10 2 1 0 0 0
2941 633225 0 8 22 66 89 34 12 6 2 2 0 0
2942 632544 1 9 24 58 95 39 9 7 0 0 0 0
2943 632221 14 15 38 73 67 28 4 3 1 0 0 0
2944 632639 0 0 7 26 83 74 38 21 0 4 0 0
2945 633236 4 10 39 71 85 22 12 2 0 0 0 0
2946 633716 1 2 11 44 83 72 28 12 6 1 0 0
2947 633231 0 2 3 16 52 80 66 22 7 7 0 0
2948 633195 0 1 5 31 58 66 50 20 3 3 0 0
2949 633850 0 1 11 37 77 68 32 12 7 0 0 0
2950 633735 0 0 8 31 63 91 39 21 4 3 0 0
2951 633207 1 5 17 61 91 42 16 3 4 1 0 0
2952 632553 0 2 11 32 85 75 29 15 2 2 0 0
2953 631294 2 0 6 11 57 77 53 26 8 0 0 0
2954 633426 1 4 12 46 63 71 25 15 5 1 0 0
2955 631248 2 6 15 47 75 54 28 7 2 0 0 0
2956 633204 1 0 5 28 64 75 43 16 8 0 0 0
2957 631509 2 2 10 46 79 65 27 11 3 0 0 0
2958 633873 0 0 14 40 88 75 24 5 2 1 0 0
2959 633149 0 0 7 26 75 72 45 19 2 0 0 0
2960 633154 0 0 2 29 76 75 48 17 9 0 0 0
2961 631938 1 0 7 21 68 80 47 17 6 0 0 0
2962 632453 0 3 12 44 71 60 27 8 4 2 0 0
2963 631784 1 4 18 49 97 51 12 4 0 0 0 0
2964 631435 1 0 8 25 64 90 33 9 4 1 0 0
2965 633878 1 5 13 28 59 82 43 11 6 0 0 0
2966 633645 4 4 23 45 83 62 23 8 3 0 0 0
2967 633379 4 2 5 29 63 84 35 11 5 5 0 0
2968 633650 3 3 10 24 69 82 36 22 4 0 0 0
2969 633516 1 3 17 53 88 54 12 2 0 2 0 0
2970 631327 1 4 14 40 82 60 27 12 3 0 0 0
2971 632554 1 3 17 36 85 60 24 4 2 1 0 0
2972 633881 4 12 40 75 73 26 9 1 0 0 0 0
2973 631448 1 4 10 36 69 76 32 23 3 2 0 0
2974 633791 2 6 15 45 89 60 19 1 2 0 0 0
2975 633110 0 2 13 31 90 73 32 9 3 1 0 0
2976 632604 0 3 8 37 73 78 34 23 0 1 0 0
2977 633918 0 2 11 42 104 49 15 6 1 0 0 0
2978 633182 0 1 4 21 42 94 58 29 15 5 0 0
2979 633562 0 1 3 14 45 66 67 30 21 4 0 0
2980 633765 0 5 9 40 92 70 16 3 0 1 0 0
2981 632822 1 1 15 37 76 73 24 5 3 1 0 0
2982 633907 0 0 5 28 72 80 39 15 7 1 0 0
2983 632686 0 4 24 47 79 65 23 3 3 0 0 0
2984 633826 2 0 13 43 92 62 13 6 1 2 0 0
2985 632004 6 9 36 64 89 29 4 4 1 0 0 0
2986 631395 1 4 17 54 85 46 18 3 2 1 0 0
2987 633815 1 4 6 22 55 87 42 20 7 2 0 0
2988 633662 0 2 2 4 27 55 60 56 35 20 0 0
2989 633801 1 2 10 39 75 66 28 10 2 1 0 0
2990 631718 1 3 11 45 82 75 18 11 1 1 0 0
2991 633708 0 1 10 21 81 76 40 17 5 1 0 0
2992 632293 3 9 29 47 92 38 14 5 1 0 0 0
2993 632089 3 2 15 34 89 55 23 12 3 2 0 0
2994 633112 1 3 6 44 70 68 30 16 4 3 0 0
2995 633941 2 8 34 67 95 29 12 2 1 0 0 0
2996 632569 2 3 15 52 97 54 15 3 0 1 0 0
2997 633838 1 4 10 47 98 56 15 3 2 0 0 0
2998 632667 0 4 13 43 84 60 30 9 4 3 0 0
2999 632201 1 4 14 42 72 77 21 4 2 1 0 0
3000 633131 1 14 30 61 80 43 17 3 2 0 0 0
3001 633726 1 3 31 67 75 41 9 0 0 0 0 0
3002 633685 2 6 22 67 92 37 10 1 3 0 0 0
3003 631279 0 3 22 56 88 48 17 1 1 0 0 0
3004 633544 1 4 18 35 97 63 24 3 2 0 0 0
3005 632610 1 2 8 26 66 95 23 20 2 1 0 0
3006 633796 3 6 32 66 95 35 7 2 0 0 0 0
3007 633166 0 1 8 10 54 75 56 27 12 1 0 0
3008 633810 0 1 3 18 53 99 47 22 10 2 0 0
3009 631475 2 2 9 35 79 72 35 8 1 1 0 0
3010 633608 2 2 10 32 56 80 44 13 2 4 0 0
3011 631218 2 4 9 20 55 74 45 26 6 5 0 0
3012 633090 2 2 22 47 96 57 7 0 1 1 0 0
3013 633550 0 4 8 46 100 57 21 4 2 0 0 0
3014 633925 0 0 7 19 62 88 49 23 8 0 0 0
3015 632704 2 2 12 36 88 56 23 10 3 1 0 0
3016 633845 2 9 20 78 71 37 10 7 2 1 0 0
3017 633820 2 3 14 44 93 49 26 9 2 1 0 0
3018 632143 1 3 14 40 67 75 25 6 2 2 0 0
3019 631659 3 2 22 56 94 45 13 4 1 0 0 0
3020 633128 0 3 7 29 84 65 37 12 6 1 0 0
3021 632109 1 1 9 26 51 77 51 18 9 1 0 0
3022 633109 0 2 4 19 62 70 48 14 3 3 0 0
3023 632683 0 3 11 47 79 55 26 16 4 2 0 0
3024 633301 0 4 11 37 79 68 31 3 3 0 0 0
3025 633835 1 7 21 59 91 37 16 4 1 0 0 0
3026 633548 0 0 8 50 90 63 18 7 6 1 0 0
3027 633322 3 3 16 32 73 63 28 19 7 1 0 0
3028 631526 0 0 4 17 55 79 62 25 8 4 0 0
3029 632498 0 1 9 18 68 96 45 14 3 0 0 0
3030 631939 1 2 9 22 70 77 44 21 6 0 0 0
3031 631947 1 4 19 48 94 54 17 2 3 2 0 0
3032 632111 0 7 14 37 97 55 24 9 3 1 0 0
3033 632919 1 2 4 28 40 59 50 33 21 9 0 0
3034 632584 1 3 17 37 80 61 36 7 1 2 0 0
3035 631262 0 0 4 5 16 57 72 59 33 13 0 0
3036 633156 0 2 13 39 84 72 26 6 2 1 0 0
3037 633032 0 1 6 17 63 78 53 21 8 4 0 0
3038 633657 1 2 11 40 93 68 28 7 1 0 0 0
3039 632401 7 6 24 36 62 57 32 14 7 5 0 0
3040 633839 0 1 5 19 53 80 49 35 7 2 0 0
3041 633834 3 7 32 73 81 33 3 1 1 0 0 0
3042 633609 0 2 11 31 78 75 30 16 4 0 0 0
3043 631836 0 1 4 19 64 69 45 27 6 5 0 0
3044 633366 0 0 5 20 70 78 45 15 5 3 0 0
3045 633079 0 3 5 32 85 75 23 13 5 2 0 0
3046 633720 0 6 14 48 93 51 17 2 4 2 0 0
3047 633334 3 5 24 68 84 42 11 3 0 0 0 0
3048 633776 0 1 9 11 73 90 50 11 4 1 0 0
3049 631661 3 12 30 60 84 38 10 4 1 0 0 0
3050 633434 1 2 4 24 56 72 48 31 3 5 0 0
3051 633785 2 0 14 34 81 71 27 7 2 0 0 0
3052 633362 2 8 24 37 86 58 24 8 3 1 0 0
3053 633574 0 1 7 29 80 72 40 3 4 2 0 0
3054 632505 4 7 29 62 89 33 5 3 0 0 0 0
3055 631980 2 3 21 62 92 43 19 3 1 1 0 0
3056 631369 1 2 13 40 91 58 23 6 2 2 0 0
3057 633772 3 1 11 41 94 71 20 7 0 0 0 0
3058 633129 1 2 15 27 81 65 35 13 4 3 0 0
3059 633421 0 3 21 35 92 66 24 6 3 1 0 0
3060 633750 1 0 5 27 96 73 23 11 3 0 0 0
3061 632698 0 2 9 34 72 71 38 18 3 1 0 0
3062 631001 1 8 14 36 88 54 22 8 4 0 0 0
3063 632912 1 2 18 47 77 61 26 12 3 0 0 0
3064 633526 4 11 29 63 76 41 8 5 0 0 0 0
3065 633580 0 1 3 14 57 94 49 31 8 3 0 0
3066 631646 2 2 3 9 55 67 56 31 14 7 0 0
3067 633376 2 2 5 16 46 85 45 27 10 8 0 0
3068 633025 0 1 5 34 72 66 37 14 6 2 0 0
3069 632025 3 5 19 48 94 50 17 4 1 0 0 0
3070 632889 0 2 4 21 51 94 50 17 7 2 0 0
3071 633492 3 1 11 39 87 69 20 3 1 1 0 0
3072 633833 0 3 10 46 91 67 28 8 1 0 0 0
3073 631238 3 1 18 40 83 67 22 6 3 0 0 0
3074 632173 3 6 18 52 91 47 18 5 0 1 0 0
3075 631719 0 6 14 32 94 64 22 6 2 0 0 0
3076 633189 0 3 19 52 84 60 13 3 0 1 0 0
3077 631159 1 9 31 82 75 27 12 1 0 0 0 0
3078 633515 5 13 23 97 75 29 5 1 0 1 0 0
3079 633730 0 13 44 87 80 19 5 1 2 0 0 0
3080 632944 1 0 6 32 87 76 33 9 3 1 0 0
3081 631687 2 5 8 31 93 59 25 8 5 0 0 0
3082 632749 4 6 25 66 88 45 9 4 1 0 0 0
3083 633168 1 3 21 71 72 51 8 0 3 3 0 0
3084 633428 1 3 13 26 70 76 33 18 6 1 0 0
3085 633232 3 9 18 56 90 50 16 5 2 0 0 0
3086 632091 0 2 9 44 96 52 24 7 1 3 0 0
3087 633324 0 3 14 52 89 48 24 10 3 1 0 0
3088 633663 2 1 10 57 89 51 25 5 1 1 0 0
3089 632342 1 7 18 53 99 47 14 4 1 0 0 0
3090 631914 2 3 12 47 84 60 13 5 3 0 0 0
3091 633582 1 1 15 40 70 68 30 17 9 0 0 0
3092 633804 2 2 19 33 74 82 26 7 0 1 0 0
3093 631109 0 1 3 14 42 83 52 38 7 2 0 0
3094 633954 3 2 9 28 83 76 24 14 3 4 0 0
3095 633678 3 2 14 44 82 75 15 8 3 0 0 0
3096 633470 7 1 14 36 92 67 22 5 1 0 0 0
3097 633761 4 12 34 67 90 23 9 4 1 1 0 0
3098 633759 1 1 8 36 81 72 27 10 4 2 0 0
3099 633587 1 9 27 79 80 39 6 2 1 0 0 0
3100 633206 1 3 11 28 86 67 27 16 5 0 0 0
3101 631771 2 3 15 54 92 52 16 6 2 0 0 0
3102 633709 1 2 17 45 82 70 16 7 2 0 0 0
3103 632194 1 2 7 26 76 89 35 6 5 4 0 0
3104 633192 0 4 8 33 79 74 36 10 7 1 0 0
3105 631893 0 1 9 28 68 62 44 27 14 4 0 0
3106 632238 1 6 12 36 86 61 30 10 3 1 0 0
3107 633451 1 2 6 22 53 64 58 29 6 6 0 0
3108 632042 1 7 27 56 88 43 9 3 1 1 0 0
3109 633644 0 1 2 11 46 88 63 37 7 4 0 0
3110 632578 0 1 14 19 42 67 55 27 12 3 0 0
3111 633019 0 3 5 30 54 74 44 18 5 3 0 0
3112 633633 1 4 12 57 71 66 23 9 1 2 0 0
3113 633590 3 4 14 52 80 62 28 2 0 1 0 0
3114 631595 0 1 9 33 83 74 21 12 2 0 0 0
3115 632225 0 7 9 36 71 72 32 11 3 2 0 0
3116 633746 5 10 35 76 80 24 4 1 1 0 0 0
3117 632673 1 2 6 17 50 70 64 28 6 3 0 0
3118 632669 2 6 24 51 92 47 12 6 0 0 0 0
3119 631499 5 3 34 59 85 28 13 2 3 1 0 0
3120 633727 1 4 17 35 97 56 16 11 4 1 0 0
3121 633290 0 4 7 29 76 74 34 14 4 3 0 0
3122 633441 3 7 27 61 82 38 11 5 0 0 0 0
3123 633080 0 5 11 59 96 51 16 6 1 0 0 0
3124 633794 2 0 9 37 88 77 24 7 2 0 0 0
3125 633677 3 1 9 43 66 73 36 20 4 1 0 0
3126 633316 0 0 1 6 18 72 62 61 24 12 0 0
3127 633517 1 4 11 23 72 63 45 18 5 2 0 0
3128 631948 2 3 28 59 97 29 8 0 1 1 0 0
3129 631750 0 1 3 14 45 66 75 31 11 12 0 0
3130 633597 1 2 25 61 103 37 11 3 0 0 0 0
3131 632013 1 4 17 63 83 43 19 2 1 1 0 0
3132 633712 0 2 8 20 48 78 49 28 12 7 0 0
3133 633656 0 2 7 30 55 82 39 17 2 3 0 0
3134 631845 0 4 9 44 95 61 22 7 0 1 0 0
3135 633519 0 1 14 43 70 69 33 12 8 0 0 0
3136 633416 1 5 5 44 85 64 25 5 3 2 0 0
3137 632748 4 7 15 56 73 48 18 8 1 1 0 0
3138 632901 1 2 9 48 91 65 19 7 2 1 0 0
3139 633429 1 2 9 29 85 78 30 10 3 0 0 0
3140 633406 0 6 14 51 82 57 25 5 1 2 0 0
3141 633760 1 2 9 29 73 80 28 12 2 0 0 0
3142 632463 1 4 6 30 67 77 36 10 2 2 0 0
3143 633875 0 2 8 27 77 70 40 13 3 0 0 0
3144 632000 1 2 17 58 105 46 8 2 1 1 0 0
3145 631955 3 3 26 59 81 43 18 9 1 0 0 0
3146 631671 1 2 7 25 54 83 37 21 6 3 0 0
3147 633744 2 1 16 43 76 68 36 13 5 2 0 0
3148 632430 1 3 13 32 67 81 35 13 1 0 0 0
3149 633616 1 4 13 27 69 72 33 14 13 2 0 0
3150 633425 2 6 27 59 79 42 21 8 1 1 0 0
3151 632231 1 3 20 56 96 41 16 4 1 0 0 0
3152 631707 0 4 11 38 82 71 29 6 2 1 0 0
3153 633108 0 2 4 29 56 90 35 23 7 2 0 0
3154 631277 0 0 3 30 42 68 46 34 22 7 0 0
3155 632738 0 1 4 8 30 83 49 50 21 8 0 0
3156 633018 0 5 14 37 81 66 28 10 3 1 0 0
3157 633632 1 0 6 14 61 75 54 31 7 6 0 0
3158 633617 11 15 26 50 72 43 18 9 2 2 0 0
3159 631821 1 4 8 31 63 71 41 14 7 4 0 0
3160 633638 1 5 25 59 90 55 11 1 1 0 0 0
3161 633899 2 2 17 60 98 49 17 3 3 0 0 0
3162 632485 1 1 12 44 93 52 24 7 4 0 0 0
3163 632655 1 4 11 30 92 64 27 13 3 1 0 0
3164 632519 0 3 14 54 88 50 25 6 2 0 0 0
3165 633267 1 9 11 21 64 72 50 12 6 2 0 0
3166 633220 1 1 7 25 65 68 58 16 5 2 0 0
3167 632924 1 3 9 26 64 80 42 19 3 1 0 0
3168 633083 0 5 19 61 75 61 11 11 1 3 0 0
3169 632148 1 6 17 46 97 62 17 5 0 0 0 0
3170 632208 0 3 9 57 89 64 18 3 0 0 0 0
3171 633676 1 4 12 38 98 68 12 5 0 0 0 0
3172 632916 1 1 10 46 102 53 20 9 1 1 0 0
3173 632205 1 1 13 51 81 63 21 13 2 1 0 0
3174 677899 1 1 2 15 48 48 17 9 6 0 0 0
3175 677829 2 1 4 17 47 44 16 14 3 5 0 0
3176 677655 1 2 10 22 46 35 18 5 3 1 0 0
3177 677907 0 0 0 1 21 35 28 32 15 11 0 0
3178 676403 0 0 2 9 37 52 23 11 5 1 0 0
3179 677823 0 3 7 39 55 18 9 2 1 0 0 0
3180 677898 7 6 10 32 45 32 8 7 3 0 0 0
3181 677937 0 3 7 14 67 33 16 2 2 0 0 0
3182 677633 0 0 1 10 39 51 28 6 5 2 0 0
3183 677960 0 0 1 10 30 50 23 12 12 3 0 0
3184 676717 0 1 3 16 43 42 20 10 5 0 0 0
3185 677174 5 2 6 13 25 53 21 12 1 7 0 0
3186 677441 0 1 1 6 44 44 27 9 8 3 0 0
3187 677712 0 0 1 8 40 33 36 16 7 8 0 0
3188 677752 0 0 1 12 31 55 27 13 8 2 0 0
3189 677036 0 1 7 20 76 28 5 6 0 1 0 0
3190 678006 6 1 5 18 41 57 13 8 5 1 0 0
3191 676366 1 0 0 4 16 44 31 27 12 8 0 0
3192 677622 0 0 2 4 28 57 37 12 6 6 0 0
3193 677943 0 2 2 17 54 45 16 9 1 0 0 0
3194 677956 0 2 4 22 67 40 6 3 3 0 0 0
3195 678013 0 0 0 8 48 53 20 10 3 0 0 0
3196 677886 0 0 0 2 15 50 46 19 8 7 0 0
3197 677856 0 1 0 3 20 56 36 15 12 4 0 0
3198 677785 0 3 4 6 32 51 36 8 4 5 0 0
3199 677817 0 0 0 3 12 35 38 23 19 13 0 0
3200 677052 0 0 9 34 59 27 9 3 3 0 0 0
3201 677581 10 7 14 36 39 23 7 4 2 0 0 0
3202 677552 0 0 3 9 21 52 31 22 11 2 0 0
3203 677768 0 0 0 6 29 56 28 18 7 2 0 0
3204 677562 0 1 2 6 42 44 32 14 7 0 0 0
3205 677824 0 1 1 7 34 61 24 11 5 5 0 0
3206 677991 0 0 1 6 38 60 16 12 5 1 0 0
3207 677916 0 0 1 2 15 55 33 20 16 3 0 0
3208 678003 0 2 6 7 43 46 28 13 4 3 0 0
3209 677853 6 3 6 17 31 42 22 12 1 2 0 0
3210 677792 0 1 7 31 66 31 5 3 1 0 0 0
3211 677192 3 5 4 8 29 44 28 17 7 2 0 0
3212 677958 0 1 1 13 53 54 14 6 6 1 0 0
3213 677228 0 1 2 6 24 53 36 19 5 4 0 0
3214 677963 0 1 4 12 47 46 17 11 7 1 0 0
3215 677919 0 1 6 21 50 41 11 5 2 2 0 0
3216 677600 0 0 2 9 30 55 28 15 8 1 0 0
3217 677918 0 0 4 9 47 45 20 13 3 3 0 0
3218 676828 0 0 5 16 68 34 12 6 1 1 0 0
3219 677892 0 1 1 14 40 36 25 15 6 1 0 0
3220 677409 3 9 9 35 35 22 18 8 1 1 0 0
3221 677868 1 5 5 30 50 28 10 5 2 0 0 0
3222 677579 0 1 2 15 35 47 25 10 6 2 0 0
3223 677628 0 0 1 9 46 51 19 7 6 0 0 0
3224 677973 0 3 12 31 54 34 8 3 1 0 0 0
3225 677855 0 2 5 17 53 44 11 4 2 1 0 0
3226 677558 0 1 5 17 49 41 19 6 2 1 0 0
3227 677808 2 4 10 32 51 26 11 6 2 0 0 0
3228 678015 1 0 3 8 28 47 29 18 9 2 0 0
3229 677950 0 0 0 8 55 51 23 6 8 1 0 0
3230 677786 2 1 4 23 36 33 20 15 4 6 0 0
3231 677997 1 0 5 14 52 48 16 10 4 0 0 0
3232 677862 0 1 2 10 53 55 15 10 3 1 0 0
3233 677609 0 1 4 7 44 49 30 9 3 0 0 0
3234 677874 0 0 1 9 36 47 25 12 8 2 0 0
3235 677510 0 0 1 7 46 50 35 6 7 1 0 0
3236 677954 0 1 2 15 47 50 10 11 3 1 0 0
3237 677349 0 0 1 12 33 55 24 10 9 1 0 0
3238 677731 0 0 4 7 34 47 25 18 4 5 0 0
3239 677873 0 1 3 19 53 47 12 4 3 2 0 0
3240 677717 0 0 2 4 12 36 35 31 16 11 0 0
3241 677618 0 0 1 10 41 50 25 9 4 0 0 0
3242 678007 0 0 3 19 61 48 8 4 4 1 0 0
3243 677908 0 0 0 2 27 42 39 17 16 6 0 0
3244 677988 0 1 0 1 11 48 40 20 15 12 0 0
3245 677170 1 4 4 19 43 47 18 4 4 2 0 0
3246 677608 0 0 3 17 51 44 22 4 3 1 0 0
3247 677496 0 1 2 9 48 49 23 9 5 2 0 0
3248 677122 0 2 12 31 46 21 8 11 2 3 0 0
3249 677816 4 6 16 50 53 15 5 2 0 0 0 0
3250 677840 0 1 1 10 27 56 25 11 6 2 0 0
3251 677169 1 1 1 4 21 50 41 17 9 4 0 0
3252 677902 0 0 4 18 53 48 12 8 4 0 0 0
3253 677844 0 1 5 19 57 46 14 6 2 0 0 0
3254 677733 0 1 0 6 35 46 35 16 5 2 0 0
3255 677740 1 2 4 31 46 32 15 5 2 1 0 0
3256 677621 0 0 2 6 34 54 33 8 5 2 0 0
3257 677508 0 1 4 33 59 31 6 4 2 0 0 0
3258 677554 0 0 2 7 24 59 32 14 10 5 0 0
3259 677818 0 0 2 9 51 34 35 10 3 4 0 0
3260 676421 0 1 4 22 47 44 18 6 2 2 0 0
3261 677316 0 0 4 13 47 56 23 3 1 1 0 0
3262 677646 0 3 1 27 60 37 7 4 3 2 0 0
3263 677682 1 1 1 9 23 37 34 23 14 2 0 0
3264 677612 0 0 3 16 70 32 11 6 4 0 0 0
3265 677784 1 1 1 8 25 52 29 16 8 4 0 0
3266 676397 0 5 17 46 56 12 3 2 3 0 0 0
3267 677951 2 2 25 58 44 11 3 1 3 0 0 0
3268 676747 0 0 5 24 61 41 10 3 2 2 0 0
3269 677777 0 0 1 5 45 47 33 10 6 1 0 0
3270 677517 1 0 6 14 46 45 16 5 3 2 0 0
3271 677592 0 2 6 36 66 21 5 4 2 0 0 0
3272 677103 0 1 4 8 36 48 37 7 4 0 0 0
3273 677992 0 3 2 9 33 62 26 11 5 0 0 0
3274 677989 0 1 4 20 54 33 23 7 1 0 0 0
3275 676640 0 5 10 61 51 13 2 1 1 0 0 0
3276 677913 0 2 4 24 54 40 17 6 0 1 0 0
3277 677891 0 2 5 19 72 36 2 2 3 0 0 0
3278 677596 0 3 3 8 38 54 27 8 9 1 0 0
3279 677625 0 1 3 13 46 56 16 8 1 1 0 0
3280 677702 0 0 1 4 18 38 32 26 20 5 0 0
3281 677730 0 0 3 7 44 55 19 5 7 2 0 0
3282 677882 5 0 11 20 55 37 9 3 2 1 0 0
3283 677667 0 0 1 11 48 42 20 12 9 4 0 0
3284 677970 0 1 3 12 47 56 17 3 3 2 0 0
3285 677948 0 1 5 10 55 52 16 4 1 1 0 0
3286 677952 2 5 11 16 49 43 12 7 5 1 0 0
3287 678014 0 2 6 14 70 35 8 4 3 0 0 0
3288 677974 1 0 2 8 25 54 27 19 4 13 0 0
3289 677981 0 0 2 6 26 54 38 17 6 3 0 0
3290 677940 1 6 11 49 59 15 3 1 1 0 0 0
3291 677883 0 1 2 20 54 40 17 7 5 0 0 0
3292 677833 0 0 3 11 46 54 24 8 4 2 0 0
3293 677787 0 0 4 16 49 35 22 7 3 3 0 0
3294 678001 0 0 3 6 20 34 37 20 16 8 0 0
3295 677968 0 1 0 14 32 56 24 13 2 1 0 0
3296 677703 1 0 2 8 33 42 35 17 10 2 0 0
3297 677830 0 1 2 15 52 32 23 7 7 1 0 0
3298 677669 0 0 2 13 43 51 22 9 4 1 0 0
3299 677758 9 10 26 39 43 9 3 1 3 0 0 0
3300 677214 10 7 10 48 43 14 5 3 3 0 0 0
3301 677876 0 0 1 6 20 46 40 15 12 5 0 0
3302 677130 0 1 5 18 62 40 14 7 5 0 0 0
3303 676781 0 3 14 34 58 24 10 4 1 0 0 0
3304 677619 0 0 3 7 38 58 21 12 6 0 0 0
3305 677930 0 6 16 33 53 21 3 3 3 0 0 0
3306 677894 0 1 11 42 52 25 8 3 2 0 0 0
3307 677657 0 0 1 4 23 38 34 22 12 11 0 0
3308 677683 1 3 9 37 62 26 9 3 0 0 0 0
3309 678009 0 1 3 10 37 52 20 16 5 1 0 0
3310 677724 0 0 9 39 51 30 7 8 1 0 0 0
3311 677987 0 0 1 7 24 53 32 20 9 7 0 0
3312 677650 0 2 5 21 36 38 28 11 6 2 0 0
3313 677533 0 1 0 6 11 43 26 27 23 14 0 0
3314 677903 0 0 8 20 47 39 22 10 4 0 0 0
3315 677931 0 0 3 14 38 46 30 11 5 0 0 0
3316 677822 0 2 1 11 42 60 19 5 7 1 0 0
3317 677843 0 3 2 11 43 50 23 10 2 1 0 0
3318 677211 0 1 6 21 56 41 13 6 0 1 0 0
3319 677468 0 0 2 17 69 35 10 8 2 1 0 0
3320 677747 0 1 0 5 30 57 23 22 7 2 0 0
3321 677327 1 0 1 12 55 39 17 9 3 1 0 0
3322 677905 6 11 34 49 29 10 1 2 1 0 0 0
3323 677996 0 1 4 13 37 61 20 7 4 1 0 0
3324 678011 0 0 3 16 55 48 18 5 4 1 0 0
3325 677560 1 4 8 28 68 32 4 5 1 0 0 0
3326 676286 0 0 2 3 23 43 38 18 13 5 0 0
3327 677813 2 1 1 8 25 57 31 11 9 2 0 0
3328 677413 0 3 2 19 49 46 14 11 4 0 0 0
3329 677503 0 0 0 12 28 62 23 13 8 1 0 0
3330 677845 0 1 8 11 38 39 24 12 5 3 0 0
3331 677642 0 1 2 4 34 52 24 14 8 1 0 0
3332 678010 7 6 8 17 43 36 15 5 4 2 0 0
3333 677727 0 0 2 0 17 45 42 27 13 6 0 0
3334 678012 0 0 1 13 29 46 40 5 6 4 0 0
3335 677901 0 0 1 12 40 57 20 7 2 0 0 0
3336 677404 0 1 6 11 48 49 16 3 5 0 0 0
3337 677947 1 2 7 28 63 24 7 3 5 0 0 0
3338 677983 0 1 3 8 41 44 22 10 9 7 0 0
3339 677847 0 0 1 2 22 49 31 23 6 6 0 0
3340 677670 0 1 0 7 19 51 27 25 15 3 0 0
3341 677927 3 3 3 24 51 40 18 5 2 0 0 0
3342 677838 8 6 10 23 28 43 17 5 3 2 0 0
3343 677722 0 0 3 5 20 47 36 26 8 4 0 0
3344 677929 0 2 4 11 40 46 29 9 3 3 0 0
3345 677986 4 8 34 45 33 17 2 1 3 0 0 0
3346 677975 3 3 17 42 39 27 9 4 4 0 0 0
3347 677866 0 0 6 12 62 38 18 3 4 0 0 0
3348 677185 0 1 3 17 40 36 19 10 5 7 0 0
3349 677573 0 0 1 5 31 57 26 15 10 2 0 0
3350 677957 0 3 2 17 35 51 25 6 4 3 0 0
3351 678005 0 0 5 8 41 52 22 8 7 2 0 0
3352 677959 7 7 12 29 50 19 12 4 3 2 0 0
3353 677181 0 0 3 8 22 46 34 20 5 6 0 0
3354 677482 2 2 2 27 56 34 8 6 3 2 0 0
3355 677914 0 2 8 20 56 40 11 5 4 0 0 0
3356 677223 1 0 17 40 48 21 6 3 2 0 0 0
3357 677545 0 1 2 5 43 42 31 12 5 1 0 0
3358 677942 0 1 5 17 54 43 8 7 4 1 0 0
3359 677941 1 3 9 34 56 32 5 2 4 1 0 0
3360 677964 1 7 12 40 58 15 8 1 2 0 0 0
3361 677864 0 2 7 18 67 36 9 6 1 1 0 0
3362 677885 1 1 4 13 45 48 19 8 6 0 0 0
3363 678000 0 0 0 11 18 43 41 18 13 8 0 0
3364 677995 1 0 1 13 55 43 23 9 3 1 0 0
3365 677852 0 0 1 4 37 68 21 11 3 2 0 0
3366 677674 0 0 2 4 43 42 30 13 8 1 0 0
3367 676596 0 0 2 9 56 51 13 10 3 1 0 0
3368 894117 0 0 7 10 37 55 46 31 21 6 0 0
3369 894341 0 2 7 12 42 79 43 22 6 2 0 0
3370 893351 3 0 3 10 30 55 54 32 21 13 0 0
3371 893666 2 4 4 29 32 73 43 19 9 2 0 0
3372 894170 1 1 9 35 79 57 14 7 2 3 0 0
3373 894524 4 9 9 38 80 46 21 7 0 0 0 0
3374 894511 3 7 15 38 64 53 13 8 3 1 0 0
3375 894228 3 6 11 33 71 54 20 8 2 3 0 0
3376 894345 3 1 8 11 37 57 47 28 12 8 0 0
3377 894483 3 1 5 14 29 54 44 34 19 16 0 0
3378 894291 2 4 13 28 60 56 35 4 7 2 0 0
3379 893686 3 1 1 6 31 59 52 32 19 9 0 0
3380 894237 1 1 6 17 57 77 35 22 3 1 0 0
3381 894349 2 6 7 34 59 58 26 19 6 2 0 0
3382 894020 3 6 6 27 68 68 24 10 4 2 0 0
3383 894408 35 28 35 61 44 9 3 0 0 1 0 0
3384 894486 2 0 1 6 27 67 55 32 19 6 0 0
3385 894513 9 9 20 41 75 39 15 4 3 1 0 0
3386 894526 1 1 2 8 36 69 47 30 15 10 0 0
3387 894519 3 0 6 18 39 56 46 33 12 11 0 0
3388 894360 1 1 5 13 41 72 50 24 10 3 0 0
3389 894075 2 2 7 21 55 54 46 17 10 4 0 0
3390 893927 1 4 3 11 43 54 60 23 13 5 0 0
3391 894325 4 5 11 15 71 65 29 6 4 2 0 0
3392 894009 2 0 1 8 19 44 56 47 23 20 0 0
3393 894365 1 5 4 34 70 60 29 10 3 1 0 0
3394 894142 0 2 3 4 23 54 52 54 15 12 0 0
3395 894499 1 10 12 38 68 55 20 4 2 1 0 0
3396 894230 0 1 1 7 14 60 60 46 17 13 0 0
3397 893687 2 2 1 13 34 65 53 31 10 10 0 0
3398 894144 0 2 5 9 44 64 41 29 11 7 0 0
3399 894409 0 0 4 13 47 72 42 21 10 6 0 0
3400 894336 2 3 8 29 67 44 35 15 3 4 0 0
3401 894324 1 4 7 19 42 58 43 30 8 4 0 0
3402 894090 0 1 7 8 25 63 57 29 16 9 0 0
3403 893384 11 2 11 31 52 67 21 13 5 0 0 0
3404 894356 2 4 7 10 44 60 50 26 9 1 0 0
3405 894192 3 6 7 37 73 55 15 7 2 2 0 0
3406 894322 0 1 8 14 44 58 50 26 8 5 0 0
3407 894495 4 4 9 31 64 62 24 12 3 3 0 0
3408 894309 8 6 15 42 73 47 19 3 3 2 0 0
3409 894487 0 1 4 9 32 66 54 41 10 3 0 0
3410 893983 2 0 3 13 34 71 43 28 21 6 0 0
3411 894465 3 1 10 30 61 58 30 17 3 1 0 0
3412 893589 2 3 9 25 83 65 19 5 1 0 0 0
3413 894037 0 1 3 5 34 66 55 37 14 8 0 0
3414 893433 31 22 27 48 56 19 4 1 1 0 0 0
3415 894305 3 6 11 40 71 55 18 8 3 1 0 0
3416 893645 0 0 4 8 28 52 53 38 25 11 0 0
3417 894507 18 13 25 43 47 32 13 8 4 2 0 0
3418 893996 1 0 2 8 17 43 54 59 20 11 0 0
3419 893757 0 0 2 8 39 63 51 39 11 9 0 0
3420 893477 1 0 2 14 40 57 58 23 18 6 0 0
3421 894082 10 8 22 48 65 36 20 7 0 2 0 0
3422 893965 1 2 4 15 45 71 34 29 9 9 0 0
3423 894357 0 0 4 10 44 64 56 28 8 3 0 0
3424 894016 2 2 6 12 50 71 45 22 7 6 0 0
3425 893942 0 4 7 15 55 76 30 17 9 2 0 0
3426 894337 10 10 24 37 65 48 11 4 1 3 0 0
3427 893845 1 0 3 9 40 44 50 36 22 11 0 0
3428 894236 10 13 23 54 73 31 9 3 0 1 0 0
3429 893916 1 6 10 26 58 61 32 14 6 3 0 0
3430 893711 1 2 4 13 50 72 42 25 5 3 0 0
3431 894282 1 1 3 10 24 56 46 36 22 15 0 0
3432 894361 1 3 4 5 11 43 50 39 32 27 0 0
3433 894174 2 2 4 16 46 46 45 30 15 9 0 0
3434 957915 1 0 5 4 28 61 46 34 16 6 0 0
3435 957334 23 14 31 42 58 22 4 0 1 1 0 0
3436 957936 1 0 2 5 18 58 55 39 24 4 0 0
3437 957666 3 1 10 24 74 53 24 6 1 1 0 0
3438 957977 1 1 1 8 22 58 50 38 16 9 0 0
3439 957987 1 0 5 7 35 75 40 25 14 6 0 0
3440 957950 3 5 7 29 63 59 20 12 0 3 0 0
3441 957990 5 6 15 37 62 54 13 4 3 1 0 0
3442 957622 75 25 32 31 13 9 3 2 1 2 0 0
3443 957946 3 2 4 15 49 75 32 14 5 1 0 0
3444 957514 24 17 30 38 51 23 8 5 1 1 0 0
3445 957736 2 3 8 25 55 62 25 14 1 2 0 0
3446 957980 7 8 22 45 57 32 16 8 1 3 0 0
3447 957967 3 6 5 17 39 61 32 19 9 9 0 0
3448 957953 6 10 20 58 60 24 9 5 2 2 0 0
3449 957586 1 1 3 12 42 69 50 16 6 2 0 0
3450 957582 2 3 6 12 42 70 40 20 5 5 0 0
3451 957945 4 4 7 12 37 46 36 28 10 14 0 0
3452 957894 3 3 17 24 68 52 13 8 7 5 0 0
3453 957522 2 4 3 23 65 66 25 7 2 3 0 0
3454 957916 3 2 12 45 68 44 12 5 2 0 0 0
3455 957780 2 2 1 4 19 67 51 33 21 9 0 0
3456 957420 1 1 2 7 20 50 54 31 29 12 0 0
3457 957683 1 1 2 4 17 63 53 39 16 9 0 0
3458 957935 1 0 6 12 52 72 36 14 7 1 0 0
3459 957598 3 3 5 27 43 77 23 14 5 3 0 0
3460 957771 2 1 11 37 71 51 16 3 1 2 0 0
3461 957968 3 4 8 30 72 57 18 7 2 1 0 0
3462 957433 1 1 4 4 18 55 52 37 19 12 0 0
3463 957981 2 4 12 38 74 40 13 6 4 3 0 0
3464 957986 1 0 4 13 44 66 40 21 9 5 0 0
3465 957727 0 1 8 13 49 62 44 10 4 4 0 0
3466 957466 3 1 5 13 42 53 49 24 6 4 0 0
3467 957972 5 10 12 41 65 39 16 5 2 2 0 0
3468 957944 2 5 5 42 58 53 23 5 0 1 0 0
3469 957956 2 1 7 20 66 56 28 14 5 2 0 0
3470 957190 2 3 2 12 26 70 47 22 10 8 0 0
3471 957979 3 1 6 16 50 70 31 11 6 3 0 0
3472 957753 1 1 4 4 19 33 38 37 40 32 0 0
3473 957785 2 4 4 8 29 72 48 20 11 7 0 0
3474 957984 14 12 30 43 51 29 12 3 3 1 0 0
3475 957468 1 0 4 3 19 48 59 36 18 18 0 0
3476 957961 2 1 5 20 55 64 31 11 9 3 0 0
3477 957317 1 3 5 14 40 60 37 25 14 3 0 0
3478 957800 4 2 9 30 77 53 11 8 2 3 0 0
3479 957892 3 6 10 24 41 52 24 22 10 7 0 0
3480 957751 2 4 9 32 49 61 16 17 4 2 0 0
3481 957920 1 1 3 20 57 60 29 9 5 8 0 0
3482 957458 1 7 6 33 73 46 20 8 2 1 0 0
3483 957989 3 3 11 22 65 60 22 8 2 1 0 0
3484 957948 4 4 7 21 54 58 31 14 6 4 0 0
3485 957970 2 1 6 15 57 67 32 7 4 6 0 0
3486 957985 1 1 6 20 57 67 22 10 3 7 0 0
3487 957712 2 5 10 29 45 62 28 9 5 2 0 0
3488 957638 1 1 4 9 46 54 43 24 11 9 0 0
3489 957773 1 0 5 16 55 64 35 18 3 2 0 0
3490 957911 5 4 8 33 60 50 28 5 2 3 0 0
3491 957471 2 0 6 12 40 74 44 15 7 3 0 0
3492 957086 24 14 22 43 35 28 15 2 5 3 0 0
3493 957982 1 1 0 3 8 16 34 47 40 63 0 0
3494 957246 1 0 5 16 32 49 40 43 11 10 0 0
3495 957782 9 11 18 21 64 48 21 5 1 1 0 0
3496 72842 5 11 16 36 42 27 13 7 3 4 0 0
3497 73809 0 4 9 21 45 38 19 22 7 3 0 0
3498 73387 10 16 27 35 40 31 8 5 2 2 0 0
3499 73845 0 0 5 27 45 47 26 11 3 3 0 0
3500 73964 3 7 27 59 46 15 6 3 2 0 0 0
3501 73396 2 6 19 39 61 31 7 2 1 0 0 0
3502 73672 2 5 15 38 53 33 17 3 1 3 0 0
3503 73267 1 5 16 41 52 26 14 8 2 2 0 0
3504 73925 1 2 5 24 51 49 21 12 4 1 0 0
3505 73515 3 2 12 45 58 32 13 5 1 1 0 0
3506 73890 4 12 22 48 43 16 7 6 2 0 0 0
3507 73996 13 22 29 47 24 13 10 0 2 0 0 0
3508 73802 4 7 13 39 36 28 18 8 4 7 0 0
3509 73575 4 11 21 47 38 29 10 5 0 0 0 0
3510 73702 4 17 27 44 53 14 6 2 1 1 0 0
3511 73386 2 4 13 42 48 35 14 5 0 1 0 0
3512 73624 5 10 17 38 41 31 18 7 3 1 0 0
3513 73879 4 7 7 31 53 36 20 9 4 2 0 0
3514 73645 0 1 1 9 26 46 38 26 14 7 0 0
3515 73405 7 2 11 39 46 33 15 8 3 2 0 0
3516 73953 1 0 5 12 40 33 32 18 11 12 0 0
3517 73464 0 1 9 27 39 41 26 6 5 5 0 0
3518 72864 2 5 17 32 53 29 9 8 7 1 0 0
3519 72443 1 4 1 21 41 40 25 22 12 3 0 0
3520 74007 6 9 31 62 42 12 8 1 0 0 0 0
3521 73727 5 9 17 48 47 26 11 3 1 1 0 0
3522 73765 1 6 6 31 55 36 17 13 4 4 0 0
3523 72412 7 14 21 35 38 35 8 6 4 0 0 0
3524 73438 1 1 10 30 65 36 16 3 3 2 0 0
3525 73537 4 12 19 45 45 22 7 4 2 0 0 0
3526 73933 27 31 35 33 24 8 8 2 1 6 0 0
3527 73619 1 2 0 18 50 39 25 20 8 0 0 0
3528 72654 0 3 2 8 20 40 38 20 14 16 0 0
3529 73903 3 8 11 39 42 43 11 2 2 0 0 0
3530 72435 0 1 3 17 37 39 36 20 11 3 0 0
3531 73199 5 8 16 53 59 18 11 5 0 0 0 0
3532 73888 0 7 8 27 48 30 18 11 8 4 0 0
3533 73934 0 5 14 21 41 50 15 13 7 7 0 0
3534 73961 2 2 15 37 63 26 13 3 0 2 0 0
3535 73986 4 4 15 44 60 19 14 5 2 1 0 0
3536 73926 2 7 18 25 55 32 18 4 2 1 0 0
3537 73865 1 0 9 21 39 45 19 16 7 8 0 0
3538 73989 4 8 24 40 49 26 4 3 3 0 0 0
3539 73529 0 2 7 16 33 44 29 22 8 7 0 0
3540 73969 1 2 5 10 45 43 27 23 7 5 0 0
3541 73466 14 22 41 54 24 5 3 1 3 1 0 0
3542 73188 3 10 15 49 56 15 5 3 2 1 0 0
3543 73829 27 32 42 41 18 7 0 0 1 0 0 0
3544 73930 0 3 10 34 40 37 21 15 5 1 0 0
3545 73916 9 12 28 46 37 19 5 5 1 1 0 0
3546 73712 1 2 8 16 37 54 30 11 6 4 0 0
3547 73867 7 13 26 44 42 21 9 2 1 1 0 0
3548 73468 3 13 24 50 48 19 6 2 0 0 0 0
3549 73929 1 1 4 8 27 52 28 29 12 8 0 0
3550 73207 4 8 19 43 49 28 8 4 2 1 0 0
3551 73794 6 5 11 26 39 45 20 8 4 3 0 0
3552 73931 4 6 25 58 47 22 9 4 1 2 0 0
3553 73978 3 12 24 46 41 23 8 5 2 1 0 0
3554 73965 0 1 2 20 36 36 44 16 7 6 0 0
3555 73917 2 2 4 19 52 39 27 9 9 6 0 0
3556 73307 1 3 6 21 44 30 28 20 3 2 0 0
3557 72898 3 12 32 45 40 16 6 3 1 0 0 0
3558 73817 5 7 24 36 49 30 13 8 1 1 0 0
3559 73086 1 9 21 43 55 28 13 4 2 1 0 0
3560 73936 3 9 9 30 47 34 21 9 2 1 0 0
3561 74005 4 15 25 54 47 14 3 1 0 0 0 0
3562 73877 13 27 37 43 25 11 6 1 2 0 0 0
3563 73886 4 5 10 30 54 32 24 8 2 1 0 0
3564 73631 9 19 27 57 37 14 9 1 0 0 0 0
3565 73525 1 5 7 23 53 43 20 9 4 3 0 0
3566 73535 0 1 8 27 48 42 17 9 1 1 0 0
3567 73268 0 3 11 46 54 27 14 7 2 0 0 0
3568 73966 0 1 12 35 65 39 14 5 1 0 0 0
3569 73674 1 2 10 26 51 34 25 11 4 2 0 0
3570 73364 1 5 10 33 59 37 14 5 2 0 0 0
3571 73125 0 5 15 40 54 31 12 2 8 0 0 0
3572 73411 3 8 14 41 57 24 14 4 2 2 0 0
3573 73446 11 14 25 38 37 23 5 6 1 1 0 0
3574 73504 3 3 9 37 69 31 13 1 3 1 0 0
3575 73227 3 7 17 36 53 31 8 7 1 2 0 0
3576 73912 0 3 2 17 27 51 40 21 7 11 0 0
3577 72822 1 3 5 17 34 29 39 24 12 13 0 0
3578 72493 3 5 9 21 41 33 32 14 4 3 0 0
3579 73958 1 7 26 44 55 26 7 0 2 1 0 0
3580 73475 8 13 19 48 48 27 12 3 4 1 0 0
3581 73720 6 20 23 47 46 17 8 2 4 0 0 0
3582 73971 3 4 15 41 47 32 16 7 3 0 0 0
3583 73060 0 0 5 20 46 36 28 21 6 3 0 0
3584 73893 1 4 9 34 59 40 16 5 0 1 0 0
3585 73860 2 1 7 13 48 45 24 17 5 5 0 0
3586 73974 0 7 16 38 58 23 15 5 1 1 0 0
3587 73310 5 8 17 25 55 35 19 7 1 2 0 0
3588 73709 4 6 11 19 53 33 19 12 3 3 0 0
3589 73605 1 2 13 26 41 32 20 11 3 3 0 0
3590 73261 1 2 8 15 49 40 26 14 6 3 0 0
3591 73993 3 11 33 52 43 20 2 2 3 1 0 0
3592 73275 0 4 15 33 47 28 17 9 4 0 0 0
3593 73612 0 1 0 13 35 56 23 22 12 6 0 0
3594 73383 3 7 12 44 50 30 9 6 1 1 0 0
3595 73873 0 1 7 18 41 39 32 17 4 4 0 0
3596 73841 8 17 37 55 31 8 7 2 2 0 0 0
3597 73898 3 4 21 48 41 31 9 3 2 0 0 0
3598 72801 0 2 5 11 42 57 33 12 5 7 0 0
3599 73833 0 0 7 12 34 44 38 24 7 2 0 0
3600 73679 0 2 4 26 49 33 35 12 3 3 0 0
3601 72542 2 17 20 40 42 18 11 6 1 1 0 0
3602 73799 3 1 18 18 44 43 21 10 7 1 0 0
3603 73990 2 8 11 28 50 29 17 11 3 1 0 0
3604 73657 0 1 1 9 21 40 43 27 15 13 0 0
3605 73944 0 5 19 28 67 27 9 5 3 0 0 0
3606 73113 12 16 30 45 40 9 7 1 3 1 0 0
3607 73190 0 1 10 30 41 41 25 11 4 7 0 0
3608 73444 2 3 11 29 48 42 12 12 7 2 0 0
3609 72618 7 6 12 62 47 14 10 3 1 0 0 0
3610 73883 1 0 3 13 29 41 46 22 6 11 0 0
3611 74004 0 2 9 19 48 28 38 14 5 2 0 0
3612 73846 5 2 10 28 58 32 15 14 3 2 0 0
3613 73960 5 4 11 34 49 30 16 9 2 3 0 0
3614 74002 1 2 12 19 57 38 20 10 7 5 0 0
3615 73924 6 18 23 52 48 8 6 2 1 2 0 0
3616 72720 9 9 20 45 35 29 12 4 2 1 0 0
3617 73711 1 1 9 26 45 39 27 9 2 2 0 0
3618 73864 0 1 3 18 40 52 28 19 6 0 0 0
3619 73776 8 14 36 52 29 19 8 3 1 1 0 0
3620 72834 2 5 21 36 47 30 10 6 3 0 0 0
3621 73593 3 3 13 30 41 31 19 16 7 4 0 0
3622 73967 1 6 18 50 55 25 11 1 2 0 0 0
3623 73452 1 1 3 12 36 51 31 24 9 6 0 0
3624 73707 2 1 5 32 69 31 18 11 2 3 0 0
3625 73972 0 4 12 40 55 29 13 7 2 0 0 0
3626 73349 0 1 4 22 45 44 31 9 9 3 0 0
3627 73872 2 4 7 33 60 29 15 8 6 1 0 0
3628 73852 11 20 26 54 31 15 8 4 1 1 0 0
3629 73821 1 2 10 26 49 30 29 12 1 2 0 0
3630 73461 0 0 3 21 38 37 36 17 10 6 0 0
3631 73467 1 2 18 46 56 28 7 4 0 1 0 0
3632 73848 1 5 12 34 50 36 15 6 0 2 0 0
3633 72750 0 2 13 30 61 27 26 11 1 2 0 0
3634 73669 3 5 16 51 54 18 12 1 1 2 0 0
3635 73850 1 3 13 25 61 40 14 4 1 3 0 0
3636 72557 2 14 34 47 44 8 4 3 3 2 0 0
3637 73161 2 10 27 53 40 21 9 0 0 1 0 0
3638 73365 2 2 8 17 33 47 28 19 11 9 0 0
3639 73652 0 3 5 27 45 52 15 12 6 3 0 0
3640 73346 0 1 3 10 33 41 45 22 8 3 0 0
3641 73818 1 2 4 12 42 53 28 13 13 2 0 0
3642 73999 0 9 20 48 54 23 10 1 2 0 0 0
3643 73853 3 14 18 58 45 24 9 4 0 0 0 0
3644 73977 2 3 6 25 56 42 25 12 1 1 0 0
3645 73991 0 4 5 15 38 38 36 15 9 7 0 0
3646 73902 3 7 25 29 55 32 9 5 1 0 0 0
3647 72476 1 2 9 21 45 34 21 20 4 4 0 0
3648 73988 1 1 7 16 36 41 24 23 16 12 0 0
3649 73901 0 5 10 39 58 30 10 10 0 2 0 0
3650 73513 4 3 7 36 51 32 19 9 5 4 0 0
3651 72580 1 4 4 11 36 50 31 19 12 9 0 0
3652 73771 6 9 30 50 40 18 6 2 0 0 0 0
3653 73980 0 3 12 26 54 36 25 5 2 2 0 0
3654 73808 13 14 38 56 31 8 4 0 2 0 0 0
3655 72503 1 2 8 30 42 49 16 7 7 1 0 0
3656 73937 0 4 12 29 52 37 23 3 1 0 0 0
3657 73747 0 0 2 6 20 32 51 26 17 15 0 0
3658 73721 1 3 15 36 51 30 18 15 1 0 0 0
3659 73798 1 1 5 21 35 54 31 17 3 7 0 0
3660 73300 1 4 11 36 51 33 18 8 2 1 0 0
3661 73695 3 2 12 36 47 40 20 5 3 3 0 0
3662 73851 3 9 18 44 61 18 11 3 2 0 0 0
3663 73403 38 27 41 27 27 5 5 1 2 2 0 0
3664 73997 0 1 10 19 34 38 32 12 10 8 0 0
3665 73328 0 2 3 10 29 29 28 30 19 17 0 0
3666 73785 0 0 9 24 46 39 24 12 8 4 0 0
3667 73228 5 2 16 49 45 24 12 2 3 1 0 0
3668 73143 0 6 9 25 57 42 21 12 3 2 0 0
3669 73983 10 18 34 53 37 13 4 1 1 0 0 0
3670 73948 2 1 9 12 48 51 25 17 5 3 0 0
3671 73538 0 2 13 31 57 39 16 8 1 0 0 0
3672 73943 1 3 5 13 57 28 39 13 6 5 0 0
3673 73992 2 5 18 46 54 27 14 4 1 0 0 0
3674 72728 0 0 4 9 32 62 27 16 8 7 0 0
3675 73783 0 4 12 30 60 33 18 5 0 1 0 0
3676 73316 3 5 19 54 38 32 12 0 0 1 0 0
3677 73981 0 3 7 19 50 39 22 15 5 3 0 0
3678 73512 0 2 3 9 24 34 42 36 16 10 0 0
3679 73764 1 4 8 29 50 40 19 8 8 4 0 0
3680 74001 0 1 4 18 39 40 35 11 10 9 0 0
3681 73779 1 3 14 41 49 35 11 9 3 0 0 0
3682 73959 9 9 24 40 43 32 5 4 2 0 0 0
3683 74006 10 15 27 41 46 16 7 7 4 2 0 0
3684 73388 6 19 35 49 40 11 5 2 0 0 0 0
3685 73832 1 6 6 22 35 39 27 18 9 10 0 0
3686 73608 0 2 7 20 52 36 29 9 2 4 0 0
3687 73633 4 7 13 42 55 23 12 6 3 2 0 0
3688 73970 3 3 11 44 57 29 20 5 1 1 0 0
3689 73932 0 4 15 34 53 38 14 4 2 2 0 0
3690 73214 1 5 9 28 51 35 29 11 4 1 0 0
3691 73862 0 2 5 4 40 41 46 19 13 4 0 0
3692 73946 4 4 17 41 60 27 5 2 2 1 0 0
3693 73768 3 0 4 13 46 41 24 14 10 8 0 0
3694 72844 0 3 13 18 42 54 19 16 5 1 0 0
3695 73927 2 4 3 31 56 45 14 12 1 2 0 0
3696 73518 0 3 8 22 59 40 27 6 3 1 0 0
3697 73591 2 1 6 18 50 55 22 12 4 2 0 0
3698 73534 3 7 37 43 43 18 8 3 1 1 0 0
3699 72859 3 0 15 40 52 34 12 6 1 0 0 0
3700 73947 0 3 10 23 63 29 22 10 2 3 0 0
3701 73985 2 5 12 42 52 30 16 4 1 0 0 0
3702 73162 1 0 9 25 58 42 17 6 4 0 0 0
3703 73950 1 6 15 39 68 25 11 6 1 1 0 0
3704 714578 0 4 4 22 54 41 20 12 3 2 0 0
3705 714320 2 3 12 35 57 30 13 6 0 1 0 0
3706 713599 4 14 30 56 37 8 5 0 1 0 0 0
3707 714549 2 12 18 48 50 19 6 3 0 2 0 0
3708 714475 6 3 12 32 48 36 11 7 1 1 0 0
3709 714590 0 5 11 31 58 32 11 5 2 0 0 0
3710 714139 3 5 9 27 54 36 13 7 5 0 0 0
3711 713192 8 14 24 50 38 10 4 0 2 0 0 0
3712 714621 2 3 9 12 42 51 26 13 3 2 0 0
3713 713159 0 4 10 19 46 43 13 10 4 1 0 0
3714 714607 0 5 6 29 57 45 11 6 2 0 0 0
3715 714111 10 14 23 41 35 19 7 3 2 2 0 0
3716 713123 2 6 10 38 47 34 7 6 2 0 0 0
3717 713988 4 7 20 41 39 35 7 3 1 1 0 0
3718 714650 0 3 10 27 62 36 10 4 1 0 0 0
3719 714667 3 6 17 33 61 24 10 6 2 2 0 0
3720 714214 2 10 18 43 45 22 10 1 3 1 0 0
3721 714612 3 6 8 18 49 39 22 10 4 3 0 0
3722 713120 3 3 7 38 73 24 6 0 2 1 0 0
3723 712604 8 13 28 60 34 9 3 1 0 0 0 0
3724 714112 1 7 11 25 52 35 15 12 1 4 0 0
3725 713384 0 2 8 8 43 48 25 19 5 3 0 0
3726 714365 15 17 34 55 22 9 1 2 1 0 0 0
3727 713306 2 1 8 19 50 50 16 8 5 1 0 0
3728 714663 0 10 5 24 65 34 11 5 1 1 0 0
3729 714271 0 10 11 32 58 35 7 3 1 1 0 0
3730 714491 1 2 6 19 60 45 16 4 2 0 0 0
3731 714685 1 4 5 21 37 59 17 13 7 3 0 0
3732 714398 0 1 5 14 32 45 41 21 10 4 0 0
3733 713325 5 10 21 48 43 15 5 1 1 0 0 0
3734 713861 2 5 5 20 55 45 14 5 3 1 0 0
3735 714191 2 3 6 23 45 52 11 11 4 2 0 0
3736 714633 5 10 13 34 51 21 22 8 3 0 0 0
3737 713610 0 2 8 10 53 58 13 12 6 2 0 0
3738 714520 1 0 12 31 47 36 15 9 2 3 0 0
3739 713111 6 21 27 40 32 14 5 6 1 3 0 0
3740 714137 0 3 8 11 31 41 35 26 7 2 0 0
3741 713934 8 10 27 52 43 8 2 1 1 2 0 0
3742 713935 2 5 15 42 56 23 6 4 1 2 0 0
3743 714649 0 2 2 14 44 52 33 10 3 1 0 0
3744 714690 3 2 19 43 46 22 8 5 4 0 0 0
3745 714651 0 2 12 20 57 37 17 8 5 2 0 0
3746 713344 1 3 12 32 63 24 13 6 3 1 0 0
3747 714097 1 6 18 42 61 20 8 6 0 0 0 0
3748 712788 8 8 27 61 27 12 5 3 0 0 0 0
3749 713442 2 5 19 54 58 16 1 4 2 0 0 0
3750 714658 3 2 7 22 41 45 29 9 2 3 0 0
3751 714617 0 2 7 18 58 45 21 5 3 2 0 0
3752 714478 5 15 18 32 48 29 7 4 3 1 0 0
3753 714164 1 3 5 31 73 36 11 6 1 1 0 0
3754 713250 3 6 28 39 47 20 9 6 0 1 0 0
3755 714665 2 3 6 18 47 43 19 17 5 2 0 0
3756 714322 0 1 6 9 45 47 31 10 3 4 0 0
3757 714182 2 6 12 29 56 32 14 4 1 1 0 0
3758 712762 0 0 0 0 6 32 40 46 25 25 0 0
3759 712766 0 3 12 20 48 52 16 7 4 1 0 0
3760 714627 2 3 9 34 40 45 16 10 5 2 0 0
3761 714675 6 13 12 33 41 28 10 6 1 0 0 0
3762 714023 11 13 24 48 26 19 9 5 1 2 0 0
3763 713807 1 1 6 16 47 51 16 9 3 3 0 0
3764 714327 4 8 13 27 37 39 21 6 5 2 0 0
3765 714510 2 2 11 23 51 39 21 4 4 1 0 0
3766 714691 0 2 5 16 44 58 23 9 8 1 0 0
3767 713561 0 4 8 26 47 42 21 6 2 1 0 0
3768 713552 0 6 5 32 45 33 24 11 2 1 0 0
3769 713930 1 0 4 11 15 33 44 33 19 13 0 0
3770 712793 2 5 15 17 56 34 21 6 3 3 0 0
3771 714122 1 4 10 27 48 32 14 9 4 3 0 0
3772 713831 3 12 17 44 53 18 6 0 0 1 0 0
3773 714596 0 2 6 10 49 48 22 17 4 4 0 0
3774 712356 2 4 12 37 61 24 12 2 4 0 0 0
3775 714570 0 4 13 30 40 36 23 9 6 2 0 0
3776 714602 1 3 9 29 43 46 21 9 1 0 0 0
3777 712709 4 12 33 53 35 13 4 0 1 0 0 0
3778 714246 5 5 13 16 32 40 24 11 1 5 0 0
3779 714613 5 10 13 40 52 25 13 2 1 2 0 0
3780 714393 1 8 13 33 48 27 12 7 6 1 0 0
3781 714681 4 8 21 47 54 15 9 1 1 1 0 0
3782 714553 13 12 16 49 36 21 6 4 0 1 0 0
3783 714533 3 6 13 41 48 24 11 7 3 2 0 0
3784 713142 0 5 15 23 56 40 17 7 1 1 0 0
3785 713165 1 4 8 12 43 44 34 9 4 4 0 0
3786 713521 5 3 13 30 41 24 15 11 4 4 0 0
3787 714473 5 6 19 45 53 17 6 2 4 1 0 0
3788 714576 2 1 2 2 23 39 44 33 20 11 0 0
3789 714092 6 8 23 46 52 16 5 3 0 1 0 0
3790 712973 0 4 3 28 52 40 16 7 2 0 0 0
3791 714229 7 23 34 54 25 9 3 2 0 1 0 0
3792 714411 0 8 13 28 51 37 11 6 1 0 0 0
3793 713723 14 20 23 42 35 12 5 3 1 2 0 0
3794 714145 0 0 1 7 32 46 43 26 7 6 0 0
3795 712958 4 8 30 61 43 11 7 1 0 0 0 0
3796 713290 1 3 11 20 52 44 14 6 0 1 0 0
3797 713886 1 4 14 24 52 42 13 5 1 1 0 0
3798 714666 0 2 3 8 35 56 34 11 5 2 0 0
3799 713513 2 8 12 26 42 40 21 6 5 1 0 0
3800 713640 2 8 17 42 45 25 10 5 0 2 0 0
3801 712601 1 3 3 12 45 54 27 7 4 1 0 0
3802 714696 1 2 8 16 52 50 19 9 0 0 0 0
3803 713696 2 5 12 31 62 28 12 3 0 0 0 0
3804 714659 1 1 3 7 30 49 40 21 11 3 0 0
3805 714683 3 9 16 43 50 20 9 7 1 2 0 0
3806 714560 2 4 9 25 41 46 22 11 3 2 0 0
3807 714601 1 3 9 25 59 35 16 9 0 1 0 0
3808 714522 0 1 2 4 32 47 35 24 14 6 0 0
3809 713707 2 7 12 46 55 15 9 3 1 1 0 0
3810 712729 3 5 7 31 58 38 6 9 0 2 0 0
3811 714636 2 1 15 25 52 33 21 5 2 0 0 0
3812 714203 2 2 4 14 30 46 40 16 2 3 0 0
3813 714405 9 6 12 20 41 29 24 12 6 1 0 0
3814 714417 2 5 2 26 61 38 5 7 2 2 0 0
3815 714688 0 2 4 24 53 46 23 4 2 0 0 0
3816 714293 0 4 15 27 58 31 9 3 2 2 0 0
3817 713787 1 5 3 16 46 52 21 12 2 2 0 0
3818 714403 0 3 16 31 64 33 11 3 1 1 0 0
3819 713733 3 5 20 46 53 23 9 5 1 1 0 0
3820 714236 2 3 9 21 37 41 26 12 5 2 0 0
3821 714342 0 7 9 30 52 40 8 5 3 2 0 0
3822 714002 2 2 7 17 44 42 23 21 6 2 0 0
3823 714388 0 9 14 44 37 31 14 5 2 1 0 0
3824 714192 1 0 3 7 34 60 33 19 3 4 0 0
3825 714377 1 5 10 25 41 38 26 12 3 1 0 0
3826 713536 0 4 16 33 59 33 5 1 3 1 0 0
3827 713529 1 6 16 27 61 30 11 1 1 2 0 0
3828 712420 7 11 26 42 44 14 6 2 2 1 0 0
3829 713805 1 6 11 30 58 34 17 1 1 2 0 0
3830 713936 4 3 6 20 33 45 27 18 5 4 0 0
3831 714233 3 10 15 58 38 22 4 6 1 1 0 0
3832 713197 4 4 19 45 53 19 5 2 3 0 0 0
3833 714694 3 5 14 21 61 33 11 8 3 1 0 0
3834 713248 1 4 14 35 56 26 13 6 2 1 0 0
3835 713167 0 1 5 23 45 45 27 8 6 3 0 0
3836 714490 4 6 10 32 40 36 23 13 5 2 0 0
3837 713485 3 2 7 11 36 52 27 12 4 2 0 0
3838 714414 6 12 23 52 37 17 5 0 1 2 0 0
3839 714449 0 4 12 21 50 48 20 6 2 0 0 0
3840 714544 0 8 11 39 54 30 13 3 3 1 0 0
3841 713032 3 2 5 37 52 34 13 8 4 0 0 0
3842 714615 4 6 15 40 52 19 13 4 1 0 0 0
3843 713636 0 4 6 19 49 44 21 6 3 1 0 0
3844 713175 1 7 12 33 53 37 5 3 2 0 0 0
3845 714604 3 4 11 27 53 37 18 5 2 2 0 0
3846 713491 0 2 8 10 31 60 25 10 7 3 0 0
3847 714037 8 7 18 42 65 12 5 4 0 1 0 0
3848 713520 3 3 10 37 67 27 13 5 1 1 0 0
3849 714687 1 6 13 38 60 24 11 3 2 0 0 0
3850 713942 2 2 4 4 17 42 30 31 26 16 0 0
3851 714523 0 2 9 12 60 46 27 9 3 0 0 0
3852 713180 2 2 7 17 52 49 22 13 6 0 0 0
3853 714692 2 4 10 34 65 29 13 6 2 1 0 0
3854 713393 2 4 15 30 53 30 6 9 1 1 0 0
3855 713683 1 3 5 20 68 39 14 7 4 0 0 0
3856 714551 0 5 8 24 47 48 16 5 5 3 0 0
3857 713945 2 6 9 29 55 30 13 6 0 0 0 0
3858 714505 1 3 7 12 23 39 41 28 14 3 0 0
3859 714471 5 9 13 30 39 27 17 7 5 5 0 0
3860 713141 3 7 9 41 41 26 14 12 4 7 0 0
3861 714504 2 8 10 49 50 31 8 3 1 1 0 0
3862 714409 1 3 16 41 44 38 14 4 2 0 0 0
3863 714579 0 6 15 33 45 45 9 5 3 1 0 0
3864 714569 2 3 9 20 38 49 23 15 7 3 0 0
3865 714481 1 6 18 47 61 20 4 4 0 0 0 0
3866 713646 3 2 0 8 23 40 35 22 13 7 0 0
3867 713492 8 14 25 40 46 13 4 4 1 1 0 0
3868 713387 1 8 12 42 47 30 10 5 3 2 0 0
3869 714135 6 9 12 16 47 33 17 8 2 3 0 0
3870 714540 2 3 9 22 60 39 15 1 2 2 0 0
3871 714100 6 8 20 52 37 20 7 3 0 0 0 0
3872 713190 3 6 11 26 49 36 21 7 1 1 0 0
3873 713832 2 1 7 31 42 43 18 10 4 1 0 0
3874 714469 7 8 14 19 45 29 25 8 7 2 0 0
3875 713686 1 4 15 23 55 35 9 6 2 2 0 0
3876 712803 1 9 27 47 49 12 6 1 0 2 0 0
3877 714407 4 11 21 35 47 24 7 3 1 1 0 0
3878 714539 4 12 23 56 46 17 6 2 0 1 0 0
3879 714537 1 8 14 35 54 27 13 4 2 0 0 0
3880 714240 3 7 13 35 48 48 11 3 1 0 0 0
3881 714211 3 7 25 52 43 18 5 3 1 0 0 0
3882 713827 0 4 10 19 43 46 22 6 4 1 0 0
3883 714572 0 1 12 28 52 40 13 3 5 0 0 0
3884 713994 1 4 8 24 58 39 12 8 4 0 0 0
3885 712626 7 6 21 42 51 16 10 4 1 2 0 0
3886 713877 3 2 13 23 47 33 18 11 0 4 0 0
3887 713682 2 8 9 31 55 30 14 4 1 0 0 0
3888 714105 2 5 10 32 51 33 16 7 2 3 0 0
3889 714568 1 2 6 12 37 40 31 18 5 3 0 0
3890 713140 1 5 12 27 44 33 21 8 6 6 0 0
3891 713156 1 2 8 14 59 48 17 6 4 1 0 0
3892 714644 2 4 11 24 72 27 11 1 2 1 0 0
3893 714492 0 7 21 42 59 13 8 3 0 1 0 0
3894 713235 3 8 26 44 49 14 8 1 0 1 0 0
3895 714674 3 10 8 29 47 43 17 11 0 2 0 0
3896 714446 0 1 9 12 35 52 28 19 5 3 0 0
3897 714385 2 1 8 13 45 47 26 11 3 4 0 0
3898 714302 1 3 6 16 55 40 20 11 4 1 0 0
3899 712639 2 6 10 28 43 34 21 7 2 7 0 0
3900 713186 3 4 17 27 70 28 9 2 3 0 0 0
3901 713307 1 1 6 11 28 60 26 12 6 3 0 0
3902 714480 22 16 23 48 28 16 8 1 0 1 0 0
3903 713631 5 14 25 56 29 24 6 4 0 0 0 0
3904 714477 4 1 4 11 40 58 18 10 9 11 0 0
3905 713549 0 6 5 25 41 54 12 10 5 1 0 0
3906 714514 1 4 6 4 28 53 33 28 9 5 0 0
3907 714595 0 7 14 36 56 34 10 3 1 1 0 0
3908 713933 0 3 9 18 55 33 20 10 5 2 0 0
3909 713380 3 4 11 31 63 32 14 2 0 1 0 0
3910 713068 1 0 11 16 57 45 14 8 1 1 0 0
3911 714678 2 2 1 7 17 62 29 28 12 7 0 0
3912 714057 1 1 5 20 47 41 25 11 4 4 0 0
3913 712844 2 11 8 45 48 30 6 4 2 1 0 0
3914 714281 3 5 18 40 48 20 14 3 1 2 0 0
3915 712675 0 1 5 13 40 51 27 15 4 2 0 0
3916 713701 1 6 11 43 58 26 7 1 1 1 0 0
3917 713502 8 10 24 45 41 14 5 0 2 2 0 0
3918 714536 4 10 13 40 59 14 8 5 1 0 0 0
3919 714358 10 7 21 36 44 19 11 2 1 2 0 0
3920 713029 0 1 5 15 54 39 32 14 3 2 0 0
3921 713980 4 6 17 42 49 22 7 8 2 2 0 0
3922 714631 2 3 14 19 56 43 19 11 3 2 0 0
3923 714513 0 1 9 14 41 54 21 9 5 4 0 0
3924 713586 0 2 3 9 37 59 30 20 3 4 0 0
3925 712928 3 9 11 26 48 37 10 7 0 3 0 0
3926 714680 0 5 6 17 67 41 16 9 3 1 0 0
3927 714330 1 7 14 35 51 43 8 2 1 0 0 0
3928 713533 4 4 13 48 52 23 7 7 3 0 0 0
3929 712852 1 4 11 30 55 29 6 8 0 2 0 0
3930 712748 1 5 17 33 54 29 6 2 1 0 0 0
3931 714230 0 5 3 4 18 34 38 33 19 10 0 0
3932 714397 4 2 8 21 39 38 31 13 6 1 0 0
3933 714428 2 7 7 18 56 42 13 8 4 2 0 0
3934 712728 7 12 18 51 38 11 10 0 3 1 0 0
3935 712934 5 15 20 54 32 21 7 2 0 0 0 0
3936 712959 2 6 14 32 59 28 12 6 4 0 0 0
3937 714611 2 3 7 22 45 55 19 8 0 0 0 0
3938 714464 9 9 17 44 53 14 4 4 3 0 0 0
3939 713663 2 5 13 48 58 20 6 1 1 0 0 0
3940 714467 0 2 8 15 56 44 23 3 6 1 0 0
3941 712811 0 3 8 21 44 48 26 10 5 0 0 0
3942 714677 0 4 5 28 68 38 21 1 4 0 0 0
3943 713518 1 6 21 39 57 15 4 0 1 2 0 0
3944 714584 0 4 9 12 38 55 20 8 2 4 0 0
3945 714141 0 5 12 30 60 25 11 3 0 1 0 0
3946 714545 1 3 20 35 60 27 4 4 0 1 0 0
3947 714594 4 12 24 41 45 13 9 2 1 0 0 0
3948 713920 0 10 16 57 39 21 11 1 0 1 0 0
3949 714415 1 5 8 23 62 39 19 3 2 0 0 0
3950 713488 2 6 11 34 62 28 6 2 0 2 0 0
3951 714525 6 9 18 52 50 16 5 2 0 0 0 0
3952 713878 4 14 25 50 43 15 4 5 0 0 0 0
3953 713664 2 5 9 16 63 35 18 8 0 0 0 0
3954 714637 2 2 9 33 55 37 15 1 5 4 0 0
3955 713704 2 3 20 35 51 25 8 5 3 4 0 0
3956 714404 0 3 6 8 20 40 44 32 10 8 0 0
3957 714660 2 5 9 14 47 45 15 10 4 0 0 0
3958 714436 0 1 5 11 42 52 31 13 7 0 0 0
3959 712719 0 4 11 32 52 34 9 5 2 1 0 0
3960 714408 6 11 28 53 43 12 3 3 0 1 0 0
3961 712763 2 10 10 41 53 28 11 6 1 0 0 0
3962 714018 2 4 11 19 50 41 18 8 1 1 0 0
3963 714310 16 10 21 45 38 17 3 3 0 1 0 0
3964 714577 3 3 11 22 51 37 19 7 3 2 0 0
3965 714170 3 9 16 43 38 26 13 6 0 3 0 0
3966 714207 2 5 2 13 48 46 27 11 5 3 0 0
3967 714566 1 4 14 10 42 47 25 11 8 5 0 0
3968 714472 3 8 16 36 59 17 16 6 0 2 0 0
3969 714168 1 4 7 29 34 33 23 15 6 7 0 0
3970 714369 9 6 21 32 49 23 9 5 1 1 0 0
3971 714695 8 9 16 39 39 25 13 3 2 2 0 0
3972 714697 2 7 7 25 68 35 6 2 2 1 0 0
3973 714574 1 2 18 41 63 22 9 4 1 1 0 0
3974 713563 1 0 5 15 39 53 21 14 7 1 0 0
3975 714109 1 0 7 20 47 51 15 6 3 1 0 0
3976 714689 3 2 7 20 40 34 24 16 7 2 0 0
3977 713191 0 2 10 14 41 47 32 8 6 2 0 0
3978 714653 0 4 16 39 57 23 14 3 2 1 0 0
3979 714217 3 5 10 33 61 33 10 8 2 1 0 0
3980 714419 1 6 6 15 44 56 18 11 3 0 0 0
3981 714326 2 3 9 16 35 43 25 12 10 2 0 0
3982 713484 0 3 5 21 42 56 21 7 1 4 0 0
3983 712723 1 4 10 22 47 33 23 7 2 3 0 0
3984 712859 4 9 19 41 51 17 8 3 0 1 0 0
3985 714181 0 1 10 18 31 45 32 12 3 1 0 0
3986 713960 0 1 2 5 22 32 46 27 13 11 0 0
3987 714535 1 6 12 39 54 25 14 8 1 0 0 0
3988 714693 4 16 22 46 44 10 4 2 0 0 0 0
3989 714357 0 4 10 27 45 48 12 7 2 1 0 0
3990 714382 3 2 13 26 42 42 14 6 4 2 0 0
3991 712447 2 9 19 50 51 19 7 4 1 1 0 0
3992 713226 0 2 5 21 43 50 22 22 5 2 0 0
3993 713499 1 0 2 9 33 46 25 30 14 3 0 0
3994 714542 0 2 8 15 31 56 28 18 4 0 0 0
3995 714647 3 4 10 40 46 33 12 8 0 2 0 0
3996 713658 0 3 13 30 64 29 10 4 3 1 0 0
3997 713486 3 5 14 26 62 34 12 4 1 1 0 0
3998 714244 1 6 12 30 54 34 15 3 0 2 0 0
3999 714148 0 0 6 16 57 38 20 16 7 3 0 0
4000 714485 2 1 4 7 16 50 38 25 13 5 0 0
4001 712808 1 9 8 31 48 32 19 6 2 0 0 0
4002 713661 2 6 26 40 52 15 4 3 0 1 0 0
4003 714635 0 4 10 29 53 40 17 4 1 0 0 0
4004 714559 0 2 6 33 48 37 16 12 2 2 0 0
4005 714323 0 3 10 38 47 32 26 7 3 0 0 0
4006 713558 3 2 4 20 44 50 17 9 4 1 0 0
4007 714031 4 10 12 26 40 30 23 14 3 3 0 0
4008 714052 4 5 13 27 61 31 11 3 0 2 0 0
4009 714420 4 9 10 42 53 29 12 2 0 2 0 0
4010 712792 0 3 9 32 63 37 10 5 1 0 0 0
4011 714575 0 3 11 38 59 27 9 3 2 0 0 0
4012 713554 1 2 9 21 49 35 29 12 0 3 0 0
4013 714210 0 2 5 17 39 51 25 10 3 3 0 0
4014 713995 6 7 18 54 54 11 5 1 1 0 0 0
4015 725619 0 4 3 10 47 44 16 7 5 0 0 0
4016 725745 0 1 4 7 28 43 26 20 8 8 0 0
4017 725195 3 3 21 46 50 7 3 3 0 0 0 0
4018 726014 1 3 4 17 40 46 20 7 0 0 0 0
4019 725982 4 7 8 40 49 20 6 1 2 0 0 0
4020 726087 1 4 7 33 46 31 8 8 0 0 0 0
4021 726069 0 2 2 11 52 36 24 11 6 0 0 0
4022 725618 2 4 15 24 42 23 17 10 3 2 0 0
4023 725579 1 3 2 13 32 39 21 14 11 1 0 0
4024 725371 2 0 3 19 53 33 15 9 4 0 0 0
4025 724870 1 4 12 30 55 20 9 3 2 3 0 0
4026 725838 2 2 4 15 40 42 27 7 3 1 0 0
4027 725586 2 8 16 41 47 15 4 3 0 0 0 0
4028 725997 1 1 1 16 41 39 11 18 10 3 0 0
4029 724220 0 1 4 12 48 40 21 7 6 1 0 0
4030 726025 1 3 2 24 52 38 15 5 5 1 0 0
4031 725531 1 7 16 39 37 23 11 4 1 1 0 0
4032 725583 3 5 2 30 46 34 11 4 4 0 0 0
4033 725842 1 1 2 14 35 40 25 12 10 6 0 0
4034 725874 1 7 13 49 52 14 5 2 1 0 0 0
4035 725765 1 2 3 10 21 28 40 25 13 6 0 0
4036 726030 0 6 5 30 53 18 12 8 3 2 0 0
4037 726073 2 3 11 35 45 33 9 2 2 0 0 0
4038 725823 10 9 15 38 33 18 4 2 2 0 0 0
4039 726020 0 2 5 32 57 19 11 7 2 2 0 0
4040 725776 0 3 11 36 47 23 9 8 1 0 0 0
4041 726041 1 10 8 37 41 26 5 4 3 0 0 0
4042 725207 3 4 12 29 34 23 11 12 3 2 0 0
4043 725867 0 1 2 18 45 46 23 7 4 1 0 0
4044 726029 2 5 15 32 35 23 15 3 4 1 0 0
4045 725576 0 1 4 11 24 49 24 16 4 9 0 0
4046 725868 0 3 5 14 46 31 16 10 10 2 0 0
4047 725294 0 5 2 15 44 30 26 14 2 2 0 0
4048 723788 2 8 15 54 45 13 5 2 0 0 0 0
4049 725544 0 1 7 25 40 48 14 6 1 2 0 0
4050 725985 6 7 16 33 39 23 11 2 3 1 0 0
4051 724360 0 3 4 11 42 49 20 15 3 3 0 0
4052 725785 11 14 21 49 25 9 1 2 1 0 0 0
4053 724654 1 2 8 26 45 29 12 12 2 1 0 0
4054 725991 1 2 9 10 48 33 20 9 4 1 0 0
4055 725849 1 1 2 16 46 34 21 16 7 4 0 0
4056 725080 1 3 8 21 40 33 19 8 5 4 0 0
4057 725905 0 2 12 30 44 31 16 6 1 0 0 0
4058 725219 0 2 6 7 37 35 27 16 7 4 0 0
4059 725555 1 0 1 17 38 45 26 10 6 2 0 0
4060 725064 0 1 0 9 39 33 28 18 11 7 0 0
4061 725720 0 3 8 28 53 27 9 2 2 0 0 0
4062 725903 1 11 18 57 35 9 3 0 1 0 0 0
4063 725464 2 2 13 26 46 30 15 3 0 0 0 0
4064 725996 0 3 6 21 41 26 20 11 5 1 0 0
4065 726081 2 8 17 53 41 10 1 1 4 0 0 0
4066 725728 23 12 16 46 26 10 2 0 1 2 0 0
4067 725880 0 3 7 13 41 37 20 13 10 3 0 0
4068 726007 0 2 5 29 48 29 14 5 2 1 0 0
4069 725973 2 6 6 37 44 30 17 4 1 0 0 0
4070 724951 0 4 9 26 53 30 11 6 3 1 0 0
4071 725756 1 1 6 17 41 40 21 13 6 0 0 0
4072 724875 0 2 2 6 30 42 31 12 8 7 0 0
4073 726002 1 3 5 36 55 30 11 2 1 0 0 0
4074 726086 0 0 4 13 56 39 18 10 3 1 0 0
4075 725754 1 8 12 28 55 21 11 1 1 2 0 0
4076 726089 3 7 9 30 46 22 9 5 1 1 0 0
4077 725025 1 4 6 18 36 38 18 11 2 4 0 0
4078 725276 1 0 3 21 39 32 23 10 9 4 0 0
4079 724884 1 3 2 15 38 35 19 15 8 6 0 0
4080 724919 6 2 12 35 39 18 5 12 1 1 0 0
4081 725799 2 7 7 40 53 18 7 3 0 0 0 0
4082 725986 0 2 3 9 31 46 28 13 6 5 0 0
4083 726080 0 2 3 9 29 42 19 18 14 6 0 0
4084 725969 0 1 4 21 48 47 15 6 0 0 0 0
4085 726028 0 1 8 32 43 34 11 6 5 1 0 0
4086 725924 0 2 7 13 41 38 19 14 3 1 0 0
4087 723985 4 1 8 49 41 25 6 3 1 0 0 0
4088 725998 0 3 9 20 46 35 17 7 2 2 0 0
4089 725197 3 0 8 18 46 36 16 4 2 2 0 0
4090 725896 0 4 8 32 48 25 8 5 4 0 0 0
4091 726021 1 4 10 21 57 29 8 4 4 2 0 0
4092 725782 0 2 5 19 46 45 13 10 7 0 0 0
4093 726037 0 1 3 5 20 44 39 19 9 7 0 0
4094 725865 1 7 10 28 41 32 15 4 1 0 0 0
4095 725310 0 2 6 25 51 34 14 3 0 0 0 0
4096 724015 0 1 4 9 40 41 22 11 8 2 0 0
4097 726074 1 1 5 13 25 33 22 12 24 9 0 0
4098 725978 1 3 1 11 35 43 22 14 7 9 0 0
4099 726084 2 1 8 34 51 29 6 2 3 1 0 0
4100 725909 1 3 9 20 50 33 9 5 3 3 0 0
4101 724865 1 1 7 36 54 21 9 4 2 0 0 0
4102 725415 1 2 6 23 38 42 16 8 4 6 0 0
4103 724943 10 7 17 40 46 9 4 0 2 0 0 0
4104 726082 0 1 5 16 44 40 20 11 4 1 0 0
4105 726013 0 1 1 10 26 49 23 14 8 7 0 0
4106 726036 1 3 11 44 51 17 3 1 2 0 0 0
4107 724944 1 3 9 40 53 22 7 0 2 0 0 0
4108 725866 6 8 20 54 28 10 2 1 0 0 0 0
4109 726005 2 7 8 26 46 34 12 5 2 1 0 0
4110 725574 0 4 12 36 54 17 9 3 0 1 0 0
4111 726065 0 3 6 29 56 31 13 7 0 0 0 0
4112 725295 1 2 3 16 43 43 18 9 3 3 0 0
4113 724885 1 9 16 39 48 21 10 1 0 0 0 0
4114 726051 0 0 5 15 38 40 32 13 6 3 0 0
4115 725887 2 1 7 30 39 42 11 5 2 3 0 0
4116 725952 0 5 18 36 42 20 10 4 4 1 0 0
4117 725753 0 2 2 8 46 33 35 9 7 2 0 0
4118 725972 1 5 7 27 50 28 9 5 0 0 0 0
4119 725228 0 2 2 10 24 39 28 23 6 8 0 0
4120 724162 2 1 5 17 42 43 24 10 2 2 0 0
4121 726059 0 2 4 18 37 42 20 10 4 2 0 0
4122 725229 1 7 8 27 41 33 18 2 3 1 0 0
4123 725427 0 1 6 17 52 32 24 5 2 0 0 0
4124 726016 0 1 5 23 42 44 19 9 3 2 0 0
4125 725922 2 2 16 36 48 18 8 6 1 1 0 0
4126 725719 1 0 7 22 49 29 20 6 8 0 0 0
4127 725051 1 3 11 24 46 36 11 5 2 1 0 0
4128 725551 0 1 5 17 38 47 23 14 4 3 0 0
4129 726012 0 0 8 13 30 50 15 12 8 3 0 0
4130 724364 0 3 5 14 35 47 21 7 4 2 0 0
4131 725904 0 2 8 14 41 30 25 9 5 3 0 0
4132 726054 2 3 15 28 48 30 8 4 4 2 0 0
4133 725535 7 7 19 42 37 16 3 2 0 0 0 0
4134 726072 0 1 4 17 43 40 19 9 2 2 0 0
4135 725106 0 2 7 17 46 41 15 5 4 1 0 0
4136 725425 1 3 6 25 54 40 7 4 2 0 0 0
4137 725260 0 3 14 22 54 32 8 2 1 0 0 0
4138 725988 0 2 4 15 42 49 13 10 3 0 0 0
4139 725951 1 4 9 19 35 43 17 10 4 2 0 0
4140 725591 6 8 13 40 34 16 8 4 4 0 0 0
4141 726050 0 2 6 23 44 34 19 4 3 1 0 0
4142 725926 0 4 11 39 51 20 10 4 1 0 0 0
4143 725928 2 6 19 48 37 19 2 3 1 1 0 0
4144 725252 1 2 4 12 42 48 16 13 3 0 0 0
4145 723900 0 1 2 13 35 49 18 11 4 2 0 0
4146 726085 1 1 7 7 49 50 15 8 2 1 0 0
4147 724945 0 1 2 16 46 47 12 9 3 2 0 0
4148 725534 19 19 17 36 26 14 3 0 0 0 0 0
4149 725553 0 4 12 31 46 28 3 8 0 1 0 0
4150 725312 0 1 8 17 35 33 22 13 5 4 0 0
4151 725400 0 0 8 19 54 38 11 4 0 1 0 0
4152 725983 6 10 24 34 39 13 2 2 1 1 0 0
4153 725242 0 2 2 14 41 46 22 8 4 3 0 0
4154 364848 0 6 8 26 57 53 27 23 7 10 0 0
4155 363798 0 3 16 34 72 45 22 16 5 1 0 0
4156 364918 0 0 9 21 72 60 30 16 6 0 0 0
4157 362451 0 1 3 13 41 64 44 22 13 4 0 0
4158 361747 0 1 6 18 62 54 34 26 6 1 0 0
4159 364470 0 1 3 12 42 70 44 24 12 4 0 0
4160 364721 0 1 9 24 64 67 25 16 2 2 0 0
4161 363546 0 0 4 15 47 60 48 26 11 6 0 0
4162 364697 5 9 25 48 74 33 13 4 1 2 0 0
4163 364422 0 1 8 18 64 73 27 11 6 2 0 0
4164 364800 1 8 23 53 65 40 15 4 1 3 0 0
4165 364498 0 1 8 17 46 56 52 23 11 7 0 0
4166 364922 0 1 3 10 36 60 46 34 10 13 0 0
4167 364639 1 0 4 38 64 57 29 15 6 6 0 0
4168 364247 2 3 12 54 78 39 14 7 1 0 0 0
4169 364541 0 0 9 12 47 68 51 22 8 7 0 0
4170 364616 0 2 4 12 45 64 44 26 13 5 0 0
4171 364242 0 1 3 6 34 69 51 28 16 9 0 0
4172 364057 2 8 13 49 74 47 25 5 3 2 0 0
4173 364526 0 1 9 32 72 52 22 18 5 3 0 0
4174 364609 0 8 9 43 71 54 16 8 3 4 0 0
4175 364677 0 3 3 19 73 64 28 15 3 1 0 0
4176 364501 0 0 7 15 49 66 39 22 11 2 0 0
4177 364246 0 2 2 18 40 73 46 26 5 1 0 0
4178 362736 2 1 6 30 51 65 35 17 6 3 0 0
4179 364113 1 3 17 31 66 57 20 12 4 1 0 0
4180 364819 32 39 48 57 22 7 2 1 0 0 0 0
4181 364828 1 3 16 26 75 56 24 10 4 5 0 0
4182 364105 1 8 13 29 69 61 19 5 5 1 0 0
4183 364632 0 5 11 35 78 47 16 10 6 1 0 0
4184 364430 0 1 5 13 52 68 45 19 7 0 0 0
4185 362903 0 1 6 20 43 71 38 23 13 4 0 0
4186 364829 0 1 2 15 51 74 38 24 9 1 0 0
4187 364411 0 2 10 37 65 54 28 15 5 1 0 0
4188 363244 1 9 34 73 64 20 5 1 0 0 0 0
4189 364757 0 1 6 11 47 78 41 24 10 4 0 0
4190 364608 1 9 16 49 76 40 10 9 3 1 0 0
4191 364781 8 19 33 65 54 25 5 0 1 1 0 0
4192 364920 0 4 9 34 84 58 19 7 2 1 0 0
4193 364419 2 10 31 50 73 35 8 4 3 0 0 0
4194 364009 0 3 3 24 62 73 35 14 2 3 0 0
4195 364126 0 2 9 32 72 60 25 11 5 0 0 0
4196 364910 0 2 9 25 54 55 34 14 8 5 0 0
4197 364426 1 4 21 57 76 30 11 6 0 0 0 0
4198 364604 2 2 3 28 63 64 38 13 6 4 0 0
4199 363675 1 3 12 34 72 55 18 8 2 0 0 0
4200 364751 1 6 7 25 65 59 26 18 2 1 0 0
4201 364890 0 3 15 43 44 48 23 19 7 6 0 0
4202 364424 0 2 5 11 35 73 41 25 18 8 0 0
4203 361689 0 1 3 15 60 75 31 23 4 2 0 0
4204 363248 0 1 2 15 44 67 38 31 10 2 0 0
4205 362433 5 9 21 59 69 39 4 2 1 0 0 0
4206 364409 0 2 5 22 74 64 32 17 6 2 0 0
4207 361749 7 14 18 50 68 36 7 10 0 1 0 0
4208 362575 1 3 5 34 74 60 14 14 7 0 0 0
4209 364749 1 5 15 30 69 58 21 4 3 1 0 0
4210 362202 0 2 12 44 85 46 18 5 0 0 0 0
4211 364891 0 4 1 15 50 70 49 16 8 3 0 0
4212 364741 1 11 28 72 66 25 6 2 0 0 0 0
4213 364032 6 9 19 43 68 44 16 4 3 1 0 0
4214 364554 0 4 17 46 83 40 11 2 1 3 0 0
4215 364654 2 6 19 60 72 38 14 2 3 0 0 0
4216 364118 0 1 11 39 83 44 17 10 5 2 0 0
4217 364793 0 2 9 31 82 51 22 11 3 1 0 0
4218 363721 8 16 32 60 63 26 11 1 0 0 0 0
4219 364911 0 5 16 37 84 41 16 9 2 0 0 0
4220 364545 3 9 20 49 86 34 10 3 1 0 0 0
4221 362594 1 5 8 49 72 48 16 9 2 1 0 0
4222 364665 0 1 10 21 64 77 36 9 5 2 0 0
4223 364762 1 10 4 52 95 31 17 7 1 1 0 0
4224 363693 8 10 39 72 50 18 3 3 0 0 0 0
4225 363772 1 1 15 51 75 40 21 7 4 1 0 0
4226 364070 5 6 17 35 75 43 21 9 4 0 0 0
4227 364322 0 0 14 45 53 56 22 13 4 1 0 0
4228 362934 0 6 5 31 78 61 20 11 2 1 0 0
4229 364899 0 2 6 26 85 60 21 14 4 0 0 0
4230 363896 2 9 13 56 71 45 13 7 1 1 0 0
4231 364906 0 1 2 12 37 62 48 32 17 14 0 0
4232 362912 0 5 7 15 59 48 42 21 12 9 0 0
4233 363697 5 5 29 34 61 43 9 8 5 3 0 0
4234 364638 1 4 5 22 64 65 28 8 11 14 0 0
4235 364760 1 3 5 17 48 59 39 26 9 7 0 0
4236 364807 3 3 13 38 73 43 28 11 3 3 0 0
4237 364917 0 0 3 15 41 70 41 31 11 5 0 0
4238 364877 0 2 1 20 58 57 36 29 7 6 0 0
4239 364739 0 7 17 52 73 39 12 8 4 0 0 0
4240 364786 0 1 16 33 89 49 17 11 3 2 0 0
4241 364773 0 8 11 32 70 43 23 12 3 4 0 0
4242 364624 1 5 11 28 51 55 29 17 6 1 0 0
4243 363457 1 6 20 33 74 38 25 15 7 1 0 0
4244 362344 1 6 9 31 63 56 26 15 6 3 0 0
4245 364832 13 18 30 47 60 22 15 8 3 1 0 0
4246 364924 2 0 11 44 64 50 16 12 3 2 0 0
4247 364884 0 1 22 37 84 42 10 7 4 0 0 0
4248 364889 2 5 15 29 80 45 24 11 2 0 0 0
4249 362908 56 36 45 29 18 3 2 0 1 1 0 0
4250 363780 0 8 13 39 85 52 15 7 2 0 0 0
4251 364923 2 10 17 42 82 47 9 6 1 0 0 0
4252 364764 1 6 15 61 81 34 13 6 1 0 0 0
4253 364524 0 1 7 22 58 77 23 17 5 0 0 0
4254 364450 0 5 6 29 70 67 18 12 3 2 0 0
4255 363504 0 0 11 19 69 68 28 16 6 3 0 0
4256 364859 1 6 12 44 72 63 13 5 3 1 0 0
4257 362196 1 2 10 26 60 61 33 15 5 3 0 0
4258 364797 0 2 8 27 69 66 27 11 4 0 0 0
4259 364064 2 7 16 60 80 36 6 8 1 0 0 0
4260 364718 1 8 11 34 80 43 26 13 2 1 0 0
4261 364858 0 1 5 11 47 59 37 35 13 11 0 0
4262 362978 0 2 4 18 64 70 36 20 4 5 0 0
4263 364740 0 8 14 43 77 51 14 5 5 0 0 0
4264 364634 4 11 19 58 67 33 9 4 1 0 0 0
4265 364730 3 5 10 45 61 48 27 12 2 0 0 0
4266 364742 0 0 2 11 39 76 55 26 11 4 0 0
4267 364895 1 5 7 19 29 58 46 33 9 8 0 0
4268 364833 0 2 4 9 27 58 49 30 17 14 0 0
4269 364355 0 0 4 19 41 77 38 22 9 9 0 0
4270 364274 0 0 5 25 65 64 22 22 9 1 0 0
4271 364861 0 0 6 14 42 47 59 32 14 9 0 0
4272 364491 0 0 8 22 47 60 37 20 7 9 0 0
4273 364770 0 1 7 21 67 69 37 12 1 1 0 0
4274 364631 1 2 4 44 63 62 23 7 4 0 0 0
4275 364499 1 3 6 14 48 75 29 23 12 5 0 0
4276 362043 4 22 26 79 65 14 5 0 1 0 0 0
4277 364487 0 5 12 23 50 66 27 22 4 5 0 0
4278 364874 0 1 8 18 54 64 35 28 7 1 0 0
4279 361875 0 1 5 53 79 39 17 12 3 2 0 0
4280 364673 0 4 7 25 48 67 36 17 6 4 0 0
4281 364123 6 14 19 53 72 34 19 3 3 1 0 0
4282 364114 2 2 15 41 84 44 16 6 1 0 0 0
4283 363994 0 1 3 9 35 72 54 29 16 8 0 0
4284 363998 7 13 17 38 76 40 18 9 0 1 0 0
4285 364555 1 2 19 47 76 39 11 8 0 1 0 0
4286 364635 0 0 6 31 67 58 27 19 5 1 0 0
4287 364919 1 1 7 35 67 66 24 12 2 1 0 0
4288 362916 0 1 2 9 30 64 50 40 16 12 0 0
4289 364708 0 4 10 39 82 49 19 11 2 3 0 0
4290 364852 0 1 4 30 72 56 31 11 4 1 0 0
4291 364723 1 1 7 12 61 56 42 20 10 1 0 0
4292 364668 0 1 3 12 38 66 46 27 19 7 0 0
4293 364686 1 0 8 23 52 51 52 10 6 4 0 0
4294 364398 0 1 9 40 78 59 17 7 5 1 0 0
4295 362697 1 6 17 38 72 50 15 4 1 1 0 0
4296 364817 0 0 5 12 44 91 39 13 9 2 0 0
4297 364473 1 2 13 17 66 68 30 10 3 4 0 0
4298 364696 0 0 6 24 55 67 39 16 6 4 0 0
4299 364912 0 1 5 31 64 64 28 15 3 2 0 0
4300 364802 0 2 3 13 48 67 48 20 8 10 0 0
4301 362729 0 3 6 28 61 63 28 22 2 0 0 0
4302 364497 0 1 1 6 29 56 45 35 28 18 0 0
4303 363060 0 3 6 19 91 62 23 11 4 1 0 0
4304 363170 0 1 7 30 76 58 25 12 3 0 0 0
4305 364681 0 13 31 58 65 30 11 1 2 0 0 0
4306 364907 0 3 4 31 62 67 30 19 4 1 0 0
4307 362610 0 1 4 10 43 61 45 36 15 8 0 0
4308 364735 0 4 7 21 67 58 26 20 8 1 0 0
4309 364927 0 1 6 24 62 60 35 17 4 2 0 0
4310 364262 0 1 11 22 70 70 28 11 8 1 0 0
4311 362401 0 0 4 14 52 68 42 19 6 3 0 0
4312 363146 2 3 6 31 61 55 22 17 9 3 0 0
4313 364560 0 1 7 16 60 75 28 21 3 1 0 0
4314 364896 0 1 8 20 52 71 28 17 5 6 0 0
4315 364788 0 10 10 44 68 48 18 8 4 0 0 0
4316 364873 0 3 8 14 44 74 38 18 12 6 0 0
4317 363756 2 3 16 44 85 37 15 8 2 3 0 0
4318 363262 0 2 9 28 69 57 27 18 3 0 0 0
4319 364077 6 17 25 63 72 22 13 0 0 0 0 0
4320 364503 1 6 9 19 62 55 29 15 8 1 0 0
4321 362189 1 9 25 59 70 29 10 6 1 0 0 0
4322 362242 1 2 6 29 79 53 24 11 2 3 0 0
4323 363890 0 5 16 76 73 37 6 3 0 0 0 0
4324 364240 2 1 13 39 72 55 20 11 1 0 0 0
4325 364221 0 3 8 11 32 61 50 27 14 14 0 0
4326 364396 0 3 8 29 66 62 27 10 3 2 0 0
4327 363722 1 1 6 26 62 62 35 12 12 2 0 0
4328 364763 1 0 9 16 49 61 43 21 9 8 0 0
4329 364795 13 27 42 54 44 14 7 3 0 0 0 0
4330 364727 2 12 13 55 78 25 14 8 4 2 0 0
4331 364559 0 1 12 35 75 56 24 10 4 1 0 0
4332 364776 3 1 11 30 58 63 24 12 7 3 0 0
4333 362461 1 3 12 31 71 54 25 13 3 1 0 0
4334 364926 1 1 4 14 42 65 36 25 13 12 0 0
4335 364808 0 3 11 35 65 53 27 13 8 2 0 0
4336 364528 0 1 9 21 67 55 27 18 7 3 0 0
4337 364733 0 0 1 8 21 61 56 44 18 16 0 0
4338 364916 2 5 15 51 80 45 13 3 2 1 0 0
4339 363154 5 6 31 56 78 23 6 1 1 1 0 0
4340 363218 0 1 2 11 35 74 51 25 15 9 0 0
4341 363720 1 1 8 18 58 71 31 16 6 3 0 0
4342 363863 7 10 15 52 76 26 12 6 4 2 0 0
4343 364381 0 2 12 46 72 48 17 9 1 1 0 0
4344 364618 1 4 15 33 58 53 30 11 5 1 0 0
4345 364844 7 23 26 66 66 10 10 2 0 0 0 0
4346 364882 0 0 5 19 54 63 35 18 13 9 0 0
4347 364700 4 9 42 69 73 13 5 1 0 0 0 0
4348 364592 2 6 16 29 72 53 27 12 4 2 0 0
4349 291752 0 0 5 12 46 41 30 23 10 7 0 0
4350 289145 0 0 8 31 53 41 16 13 3 3 0 0
4351 291761 0 1 3 7 42 65 27 20 10 7 0 0
4352 291196 0 5 3 43 72 26 15 1 2 0 0 0
4353 291835 1 1 7 45 57 42 14 5 3 1 0 0
4354 291769 0 1 4 2 38 54 38 19 8 4 0 0
4355 290582 0 0 2 29 55 51 24 5 6 2 0 0
4356 289694 1 0 3 22 49 43 25 14 8 5 0 0
4357 289989 0 3 5 33 66 34 18 8 1 3 0 0
4358 291827 14 17 28 61 37 14 2 4 1 1 0 0
4359 289847 0 1 9 18 42 43 17 17 8 7 0 0
4360 291034 0 2 15 40 54 32 8 2 1 3 0 0
4361 291665 0 2 8 28 50 34 26 10 5 2 0 0
4362 291424 1 3 2 14 25 36 31 25 19 16 0 0
4363 291592 2 4 4 18 48 50 26 13 6 2 0 0
4364 291605 0 0 8 27 66 32 21 6 4 0 0 0
4365 290146 0 1 5 30 68 38 12 5 0 1 0 0
4366 289910 6 15 25 42 48 21 11 5 2 3 0 0
4367 291406 0 0 4 13 59 41 25 13 4 0 0 0
4368 290508 0 0 2 19 39 57 23 17 10 7 0 0
4369 291266 0 0 1 4 19 50 45 29 16 15 0 0
4370 291171 1 0 7 18 57 41 21 10 7 1 0 0
4371 291848 0 1 4 25 71 39 18 7 3 0 0 0
4372 291012 1 2 21 54 62 17 6 2 1 1 0 0
4373 291473 0 2 10 28 60 50 19 6 1 0 0 0
4374 291227 1 2 7 25 60 40 27 11 4 3 0 0
4375 289746 0 2 10 31 58 41 19 8 7 1 0 0
4376 290690 0 1 6 11 39 48 31 21 7 7 0 0
4377 291367 0 6 14 39 55 32 13 10 2 0 0 0
4378 291525 0 1 6 22 55 53 21 9 6 2 0 0
4379 291568 0 0 5 21 54 52 22 10 4 2 0 0
4380 291534 1 3 3 10 33 35 39 20 15 12 0 0
4381 291442 0 7 11 36 67 28 17 3 1 0 0 0
4382 291593 8 18 34 50 40 13 4 1 0 0 0 0
4383 291824 0 0 4 12 56 59 31 14 2 2 0 0
4384 291796 0 1 4 20 55 55 20 7 4 0 0 0
4385 291022 2 3 18 42 62 25 15 1 2 0 0 0
4386 288753 0 1 2 6 25 58 37 24 9 9 0 0
4387 291277 0 0 6 16 47 53 25 13 9 6 0 0
4388 291479 0 4 12 39 71 30 12 4 1 0 0 0
4389 291223 0 2 6 19 44 52 27 14 11 1 0 0
4390 291792 1 5 17 42 68 26 8 1 3 0 0 0
4391 291272 0 1 2 19 42 51 37 15 7 2 0 0
4392 289677 4 11 31 59 42 15 1 1 0 0 0 0
4393 290888 0 1 3 20 65 48 22 11 1 3 0 0
4394 290486 0 2 15 51 57 24 10 6 0 1 0 0
4395 291801 0 0 4 19 42 48 27 18 9 5 0 0
4396 291608 2 9 23 39 53 23 8 2 0 1 0 0
4397 291312 0 2 11 36 73 31 8 3 1 0 0 0
4398 291732 1 1 4 18 59 41 23 12 5 2 0 0
4399 291179 0 1 8 22 56 49 21 7 2 1 0 0
4400 291372 0 2 4 17 51 55 28 11 7 7 0 0
4401 291704 4 2 17 40 47 38 18 6 0 2 0 0
4402 289645 0 1 5 16 43 53 33 20 2 6 0 0
4403 291216 3 16 23 49 51 23 4 5 1 1 0 0
4404 291595 0 1 10 25 46 39 19 13 7 2 0 0
4405 291446 0 1 13 36 55 39 11 7 1 4 0 0
4406 290764 0 0 8 27 52 52 22 9 1 1 0 0
4407 288321 0 0 8 32 66 37 14 5 2 1 0 0
4408 289204 1 3 25 57 52 22 8 5 0 1 0 0
4409 291251 0 0 11 29 58 35 25 11 3 1 0 0
4410 291579 1 5 11 49 61 30 8 4 0 2 0 0
4411 291164 1 3 5 16 66 46 24 9 4 3 0 0
4412 288625 0 2 10 27 72 29 19 13 0 3 0 0
4413 288751 0 0 9 29 62 43 15 3 3 0 0 0
4414 290483 0 4 15 44 54 32 16 8 4 2 0 0
4415 291659 0 1 3 19 53 48 26 8 6 0 0 0
4416 291847 3 3 21 32 51 38 10 5 3 2 0 0
4417 291542 2 6 16 29 55 33 15 10 3 4 0 0
4418 290937 0 1 7 23 66 47 18 11 1 0 0 0
4419 291255 0 1 6 15 59 44 22 17 11 2 0 0
4420 291583 1 3 17 32 59 32 13 8 3 1 0 0
4421 291767 0 2 2 12 36 56 38 12 6 5 0 0
4422 290853 1 1 3 23 45 55 22 9 6 0 0 0
4423 290187 0 0 2 16 43 63 20 15 6 3 0 0
4424 291141 0 1 1 7 29 51 45 19 6 8 0 0
4425 291554 1 2 2 15 42 44 33 24 6 8 0 0
4426 290810 0 2 10 27 55 43 11 8 4 1 0 0
4427 291056 1 1 3 23 43 49 31 9 9 1 0 0
4428 291794 1 3 4 12 34 46 35 17 13 7 0 0
4429 289654 1 3 14 41 64 27 9 2 0 0 0 0
4430 290542 1 1 2 23 69 39 21 8 9 3 0 0
4431 291050 0 1 4 20 55 55 19 9 3 0 0 0
4432 291439 1 3 28 42 54 27 6 6 1 0 0 0
4433 291736 3 3 22 51 55 26 11 3 1 0 0 0
4434 291604 1 2 18 38 48 26 13 7 0 1 0 0
4435 289596 0 0 4 16 47 61 28 13 5 3 0 0
4436 291683 0 9 37 54 51 8 1 1 0 0 0 0
4437 291688 0 6 22 41 61 27 7 2 2 0 0 0
4438 290519 0 2 6 37 66 27 19 11 7 2 0 0
4439 291537 1 1 11 22 42 42 30 10 6 3 0 0
4440 289742 0 0 9 27 62 50 11 10 1 1 0 0
4441 291338 0 1 10 29 51 48 17 10 2 1 0 0
4442 291837 6 10 25 50 48 16 3 4 0 0 0 0
4443 291705 1 0 12 28 60 40 14 5 0 0 0 0
4444 291633 0 0 3 18 45 52 26 17 11 3 0 0
4445 291834 0 5 21 59 54 26 7 2 1 0 0 0
4446 291574 2 4 23 40 55 25 8 6 1 0 0 0
4447 291722 0 0 8 36 67 34 17 7 2 1 0 0
4448 291765 0 1 2 17 70 43 22 10 4 1 0 0
4449 291780 0 1 2 7 34 48 36 28 12 8 0 0
4450 291186 1 1 9 25 50 37 19 10 3 4 0 0
4451 290360 0 4 13 42 69 23 12 2 1 0 0 0
4452 291533 1 1 3 34 60 41 17 7 5 0 0 0
4453 291553 0 0 9 25 48 52 15 11 5 2 0 0
4454 291440 0 0 5 34 64 46 17 2 4 0 0 0
4455 291524 0 5 16 49 60 17 11 3 4 0 0 0
4456 289672 0 2 8 41 56 45 12 5 1 2 0 0
4457 291415 0 2 3 23 40 49 34 7 6 7 0 0
4458 290099 1 2 18 41 61 28 7 5 2 0 0 0
4459 291403 0 1 9 33 52 41 15 6 3 3 0 0
4460 291368 3 8 15 50 55 23 10 2 2 0 0 0
4461 291061 0 2 7 38 66 31 10 5 3 1 0 0
4462 289644 0 4 13 43 44 41 11 6 1 1 0 0
4463 289904 3 5 17 45 51 34 12 7 1 0 0 0
4464 291812 0 2 5 30 59 50 21 4 5 2 0 0
4465 290503 0 5 10 39 50 40 17 7 4 2 0 0
4466 290531 0 4 15 41 57 24 16 5 1 0 0 0
4467 291563 1 0 7 21 48 40 30 22 6 4 0 0
4468 291758 1 1 4 18 53 42 26 11 10 4 0 0
4469 291555 3 0 3 13 46 61 29 15 12 2 0 0
4470 291577 1 0 0 5 21 44 38 29 20 19 0 0
4471 291189 1 6 12 23 50 50 12 9 5 5 0 0
4472 290780 0 2 1 22 51 52 21 7 5 1 0 0
4473 289818 0 1 5 19 42 48 27 18 5 1 0 0
4474 288627 0 4 13 26 44 42 20 13 8 2 0 0
4475 290405 0 0 7 32 54 44 20 11 2 3 0 0
4476 291425 0 1 6 26 48 53 16 13 3 1 0 0
4477 291467 1 6 8 27 65 36 18 8 1 3 0 0
4478 288146 0 3 0 5 32 57 32 19 17 6 0 0
4479 291448 1 6 14 56 66 22 7 3 1 2 0 0
4480 290802 0 0 0 21 45 52 30 14 6 3 0 0
4481 291844 0 0 8 57 59 34 9 6 1 0 0 0
4482 291815 1 3 22 36 55 30 12 5 2 0 0 0
4483 291791 1 4 9 34 67 35 14 3 2 1 0 0
4484 291413 0 1 1 26 57 40 24 11 6 1 0 0
4485 291830 0 2 13 43 67 30 14 2 1 0 0 0
4486 290126 1 5 24 46 50 25 7 1 1 0 0 0
4487 291580 0 0 14 25 77 37 14 7 2 2 0 0
4488 289699 1 1 17 24 62 33 25 9 2 2 0 0
4489 288262 0 0 8 30 58 48 11 6 2 3 0 0
4490 291088 0 1 7 29 40 43 23 10 10 6 0 0
4491 291570 1 1 7 20 38 42 40 11 11 9 0 0
4492 291811 1 2 9 40 70 30 11 3 2 1 0 0
4493 289908 0 1 8 32 64 46 19 8 0 1 0 0
4494 291210 0 1 4 18 37 49 38 18 7 5 0 0
4495 290371 4 11 37 58 37 13 1 3 0 0 0 0
4496 288472 0 0 4 21 59 51 21 5 4 2 0 0
4497 290692 0 0 10 29 62 34 15 10 3 0 0 0
4498 291068 2 15 28 57 46 17 5 3 1 0 0 0
4499 290066 1 6 26 45 56 24 13 2 2 1 0 0
4500 288917 0 0 6 15 55 42 26 16 3 5 0 0
4501 291501 6 12 37 64 45 7 4 1 0 1 0 0
4502 291846 0 3 7 21 52 43 28 10 3 3 0 0
4503 290979 1 1 3 18 65 54 17 3 2 2 0 0
4504 291629 0 0 3 13 43 55 25 16 7 1 0 0
4505 289823 2 1 2 4 15 49 48 18 23 15 0 0
4506 290693 1 0 5 26 56 53 16 5 2 0 0 0
4507 290616 1 0 6 32 59 39 19 6 5 1 0 0
4508 291527 0 0 4 21 50 56 18 17 4 5 0 0
4509 291775 0 1 7 14 60 45 32 8 5 2 0 0
4510 288398 1 9 14 36 63 30 7 4 1 1 0 0
4511 290131 1 0 9 36 73 36 10 3 1 0 0 0
4512 290024 1 1 11 32 60 43 13 5 2 1 0 0
4513 290792 0 0 11 23 65 42 16 8 5 1 0 0
4514 291699 1 0 3 17 56 50 20 10 1 7 0 0
4515 289701 1 1 6 21 56 35 24 12 6 4 0 0
4516 291678 0 0 7 36 60 37 9 6 0 0 0 0
4517 291831 1 1 7 22 54 46 26 7 5 2 0 0
4518 290762 0 2 4 37 61 42 12 4 2 0 0 0
4519 290766 0 0 4 22 47 49 31 9 5 2 0 0
4520 290814 0 1 6 25 46 56 18 15 4 1 0 0
4521 291695 0 2 4 6 39 60 35 11 11 4 0 0
4522 290877 0 1 1 20 47 59 24 7 9 1 0 0
4523 290513 1 0 7 14 43 50 27 15 3 6 0 0
4524 291578 0 6 19 69 51 17 5 3 0 0 0 0
4525 290740 0 0 4 16 33 55 30 13 6 11 0 0
4526 291845 0 2 12 37 69 38 4 6 0 0 0 0
4527 291842 0 1 6 13 56 53 32 10 1 1 0 0
4528 291820 1 3 16 43 73 24 7 7 1 0 0 0
4529 291449 0 4 19 60 54 20 8 2 0 0 0 0
4530 290910 1 3 6 30 33 39 20 16 7 6 0 0
4531 290861 3 7 29 57 54 15 4 3 2 0 0 0
4532 291774 2 4 20 52 53 20 4 6 1 0 0 0
4533 291045 0 0 4 8 50 48 32 15 5 4 0 0
4534 291661 0 7 13 40 50 31 12 7 2 3 0 0
4535 291230 0 1 8 16 40 44 31 14 7 8 0 0
4536 291070 0 3 13 39 55 39 13 5 3 2 0 0
4537 289931 0 0 4 19 50 52 22 15 8 7 0 0
4538 290798 0 3 2 3 26 57 40 23 8 12 0 0
4539 290397 2 8 31 38 52 26 6 4 1 1 0 0
4540 291365 1 2 0 19 49 49 27 18 5 2 0 0
4541 291836 0 3 5 18 50 61 24 12 3 3 0 0
4542 291839 1 0 6 21 66 38 21 11 2 2 0 0
4543 290790 1 1 7 32 61 35 17 10 2 0 0 0
4544 289406 0 1 10 45 68 34 10 0 1 0 0 0
4545 291487 4 9 27 56 46 21 3 2 0 1 0 0
4546 291218 0 1 4 31 78 31 23 3 3 0 0 0
4547 291557 1 1 4 14 64 40 24 12 4 3 0 0
4548 290511 0 0 3 16 36 47 31 25 10 5 0 0
4549 291697 4 7 23 36 45 19 10 6 1 3 0 0
4550 289206 0 0 9 17 39 57 32 15 8 2 0 0
4551 291184 1 6 8 26 49 41 22 10 4 1 0 0
4552 290294 1 0 8 26 45 47 27 14 6 5 0 0
4553 291712 0 1 3 13 39 52 33 17 9 7 0 0
4554 291573 1 4 29 58 52 20 11 2 0 1 0 0
4555 290797 1 1 3 5 18 48 44 24 21 15 0 0
4556 291044 0 2 3 17 65 49 27 6 3 2 0 0
4557 291522 2 1 10 41 59 43 15 1 3 0 0 0
4558 291436 6 22 36 54 37 7 4 2 0 0 0 0
4559 291640 0 7 10 30 62 36 16 8 1 3 0 0
4560 291500 1 0 2 5 39 44 29 30 12 11 0 0
4561 289918 7 11 30 77 32 11 0 2 0 0 0 0
4562 288135 1 0 4 12 33 59 18 20 10 6 0 0
4563 291701 0 4 19 47 61 21 12 2 1 0 0 0
4564 291418 0 2 0 5 24 41 31 27 27 17 0 0
4565 291233 0 2 4 23 63 52 20 8 3 1 0 0
4566 288626 1 2 11 30 53 35 15 9 6 5 0 0
4567 291507 2 2 9 52 59 33 5 4 1 1 0 0
4568 291822 0 3 12 22 67 38 17 6 4 1 0 0
4569 291352 0 2 10 28 67 30 18 8 3 0 0 0
4570 290127 0 5 21 60 54 16 1 4 1 0 0 0
4571 291806 0 2 6 31 60 45 27 7 1 0 0 0
4572 291303 0 1 12 30 57 38 18 5 2 1 0 0
4573 291065 0 0 3 4 29 47 38 30 11 10 0 0
4574 290367 1 2 12 24 50 41 20 7 3 1 0 0
4575 291394 0 1 8 23 66 48 15 5 4 1 0 0
4576 290438 0 0 3 8 33 39 46 19 15 6 0 0
4577 288287 3 10 22 54 53 15 7 5 0 0 0 0
4578 289018 2 3 10 23 54 43 14 10 5 2 0 0
4579 291340 4 7 14 30 67 30 11 11 4 0 0 0
4580 291833 0 2 8 22 61 33 22 11 4 4 0 0
4581 289914 0 5 21 50 70 13 6 2 1 0 0 0
4582 290544 0 2 15 23 43 44 19 12 3 2 0 0
4583 291444 0 1 4 15 46 53 28 16 9 5 0 0
4584 290671 7 15 44 63 37 9 1 2 0 0 0 0
4585 291584 2 11 28 55 45 17 3 2 2 0 0 0
4586 289703 2 3 21 53 53 24 11 3 0 1 0 0
4587 288678 0 5 2 29 52 59 18 3 2 0 0 0
4588 290516 0 1 11 26 50 43 16 6 6 0 0 0
4589 291190 1 5 27 65 52 17 1 1 0 0 0 0
4590 291426 0 1 13 41 65 38 7 3 1 0 0 0
4591 291480 0 1 6 16 66 41 21 6 3 4 0 0
4592 291641 2 5 19 45 54 26 10 4 2 2 0 0
4593 291193 0 2 14 52 52 27 12 4 5 1 0 0
4594 291726 0 1 10 34 54 42 15 8 3 1 0 0
4595 289478 1 3 12 48 70 25 6 2 2 0 0 0
4596 291528 0 1 7 34 66 51 18 5 2 0 0 0
4597 291803 3 10 29 63 59 9 2 1 0 0 0 0
4598 290555 0 2 10 50 52 29 14 3 1 1 0 0
4599 290529 1 2 16 44 59 28 12 6 1 1 0 0
4600 291843 2 2 13 33 72 24 17 9 0 0 0 0
4601 291569 4 14 26 52 52 26 4 2 1 0 0 0
4602 289673 0 0 1 14 42 49 33 18 6 7 0 0
4603 291581 0 2 9 41 73 35 10 6 1 0 0 0
4604 291763 0 0 8 29 62 49 16 3 4 0 0 0
4605 290696 1 1 2 4 25 56 39 22 12 11 0 0
4606 291828 0 0 7 17 47 54 28 11 2 4 0 0
4607 291782 0 3 15 36 63 33 14 4 1 1 0 0
4608 291113 3 3 11 22 69 37 17 11 3 3 0 0
4609 291643 1 1 7 25 52 47 17 8 3 3 0 0
4610 291571 4 10 30 57 47 19 4 3 1 1 0 0
4611 291810 3 8 29 48 53 17 7 0 2 0 0 0
4612 291700 3 14 26 67 42 12 1 2 0 0 0 0
4613 291730 0 3 19 29 59 34 16 5 0 1 0 0
4614 291739 0 1 6 25 46 47 30 12 7 2 0 0
4615 291698 0 1 4 13 42 45 36 13 8 1 0 0
4616 288458 0 6 18 41 51 25 6 3 0 2 0 0
4617 291025 1 4 11 38 58 45 8 4 3 1 0 0
4618 291491 5 7 27 61 44 10 8 2 0 1 0 0
4619 291816 4 6 31 70 39 13 2 3 0 0 0 0
4620 291625 5 10 35 48 57 12 2 2 0 0 0 0
4621 291814 5 14 35 53 45 11 6 3 0 0 0 0
4622 291097 5 17 33 43 49 17 3 3 1 1 0 0
4623 291364 0 1 15 35 58 38 15 6 0 2 0 0
4624 291660 1 2 16 28 50 40 22 6 2 2 0 0
4625 291493 0 2 2 16 32 57 26 20 9 7 0 0
4626 290902 0 0 4 2 22 49 33 34 20 14 0 0
4627 291663 0 7 13 58 54 21 6 2 1 0 0 0
4628 291021 0 3 9 33 44 40 15 10 6 3 0 0
4629 288256 0 4 18 41 49 29 10 7 3 3 0 0
4630 291603 0 1 4 32 59 38 16 3 4 1 0 0
4631 290596 1 5 13 50 58 28 7 7 1 1 0 0
4632 290076 0 2 3 11 30 65 32 19 11 8 0 0
4633 291246 2 4 13 32 49 46 17 5 3 1 0 0
4634 291838 1 5 20 66 53 16 5 5 1 1 0 0
4635 291609 0 1 3 26 65 43 17 5 1 0 0 0
4636 290447 0 0 5 15 61 53 27 5 4 1 0 0
4637 291596 1 1 6 31 53 52 14 4 2 1 0 0
4638 291696 0 2 1 15 34 48 28 22 10 9 0 0
4639 291738 2 8 16 64 57 25 1 2 2 0 0 0
4640 291582 0 0 6 19 53 49 30 8 3 4 0 0
4641 291808 1 1 8 26 45 50 18 8 4 3 0 0
4642 291062 0 2 6 41 73 24 16 3 0 0 0 0
4643 290847 0 0 5 36 77 30 15 3 2 0 0 0
4644 291721 0 1 6 19 58 39 23 9 4 1 0 0
4645 291131 0 3 14 29 57 41 15 9 2 1 0 0
4646 291457 1 11 35 47 46 22 6 1 1 0 0 0
4647 291505 1 2 7 22 58 37 24 8 1 2 0 0
4648 291006 2 10 22 43 59 22 10 4 2 1 0 0
4649 291003 0 1 3 16 46 47 31 16 7 1 0 0
4650 291288 1 1 15 48 65 30 7 3 0 0 0 0
4651 291798 0 0 9 39 52 35 11 11 4 2 0 0
4652 291497 1 1 2 21 45 43 28 19 7 9 0 0
4653 288203 1 2 8 20 42 47 25 17 5 3 0 0
4654 289939 0 1 4 28 44 40 34 8 1 1 0 0
4655 290399 0 2 11 32 68 32 17 4 2 4 0 0
4656 291484 0 1 9 30 67 38 13 4 2 0 0 0
4657 290935 0 1 7 29 59 41 18 10 6 0 0 0
4658 288909 0 1 6 16 55 42 27 7 6 4 0 0
4659 289498 5 12 22 52 44 27 11 3 4 0 0 0
4660 290914 0 1 23 46 50 29 11 5 1 2 0 0
4661 288495 1 2 7 34 57 42 18 10 4 1 0 0
4662 291733 0 0 4 14 50 61 28 14 5 11 0 0
4663 291541 0 3 6 27 64 44 16 9 3 2 0 0
4664 291809 2 3 12 51 67 28 7 1 0 0 0 0
4665 291182 0 1 4 34 58 43 20 5 4 2 0 0
4666 312846 33 50 50 44 17 4 0 0 0 1 0 0
4667 312700 2 10 33 46 57 27 11 5 2 1 0 0
4668 313340 0 3 6 32 46 55 31 13 2 0 0 0
4669 312376 0 3 0 13 51 56 37 15 11 4 0 0
4670 312747 1 4 17 33 59 46 21 10 4 3 0 0
4671 311047 0 3 10 32 64 46 21 13 2 0 0 0
4672 310095 1 12 23 48 41 39 13 9 2 0 0 0
4673 312378 1 8 14 39 65 41 22 3 1 1 0 0
4674 311649 0 4 6 13 51 51 36 19 9 0 0 0
4675 311728 2 9 38 71 38 17 5 2 2 0 0 0
4676 312460 2 5 26 50 53 33 8 0 2 1 0 0
4677 311571 0 2 6 26 58 60 29 12 4 3 0 0
4678 312721 0 8 26 46 51 26 15 8 1 0 0 0
4679 312866 0 1 16 41 68 39 15 4 0 0 0 0
4680 312450 0 2 9 41 55 44 36 5 0 1 0 0
4681 310689 2 5 15 46 63 33 23 3 1 0 0 0
4682 313028 1 5 28 50 53 30 5 1 0 0 0 0
4683 311347 1 2 4 26 54 51 33 10 5 2 0 0
4684 312873 0 3 10 24 61 37 27 12 5 1 0 0
4685 313222 1 6 23 34 56 39 16 11 1 0 0 0
4686 310663 1 3 7 22 41 54 29 35 4 5 0 0
4687 313204 6 13 23 56 45 18 6 0 0 1 0 0
4688 313332 1 13 25 66 54 23 5 1 0 0 0 0
4689 312436 33 48 52 41 11 3 0 1 0 0 0 0
4690 310658 0 3 16 41 50 43 21 11 5 1 0 0
4691 311212 0 2 12 31 78 44 16 6 1 1 0 0
4692 310507 0 5 8 22 53 55 19 10 5 3 0 0
4693 312831 1 1 10 12 42 44 44 20 12 5 0 0
4694 310783 0 5 6 37 55 40 22 13 4 2 0 0
4695 312837 0 5 3 26 62 48 26 14 8 5 0 0
4696 311434 1 8 28 60 58 28 6 4 1 0 0 0
4697 311889 5 26 47 62 42 13 4 2 0 0 0 0
4698 312550 0 1 11 35 48 54 22 12 4 1 0 0
4699 311389 4 16 31 58 40 19 10 3 1 0 0 0
4700 312528 0 3 12 26 50 58 18 16 1 2 0 0
4701 311034 1 2 7 21 66 51 26 27 4 2 0 0
4702 311961 4 14 40 60 47 21 11 2 1 1 0 0
4703 312272 0 5 6 38 66 55 17 12 4 0 0 0
4704 311680 0 5 8 17 55 59 32 7 2 3 0 0
4705 310264 3 10 18 36 67 36 15 10 2 0 0 0
4706 313265 1 3 3 13 35 59 41 30 18 1 0 0
4707 312875 7 16 28 54 36 21 9 3 3 0 0 0
4708 310738 5 14 40 62 43 7 5 0 1 0 0 0
4709 312420 4 12 24 50 65 26 9 2 0 0 0 0
4710 313323 12 21 34 63 38 12 7 2 0 0 0 0
4711 313287 1 4 10 33 54 47 31 7 3 2 0 0
4712 311423 2 15 40 58 53 22 4 1 0 0 0 0
4713 312526 14 31 46 54 28 15 1 2 0 1 0 0
4714 311867 9 14 35 58 38 17 4 1 0 0 0 0
4715 313296 0 4 14 42 54 46 28 13 5 1 0 0
4716 312588 0 11 22 47 62 42 3 3 0 2 0 0
4717 310606 0 15 30 63 56 20 5 0 2 0 0 0
4718 310657 0 5 18 36 62 50 19 4 5 1 0 0
4719 313272 0 3 13 29 57 55 26 14 1 2 0 0
4720 313102 1 4 12 44 67 36 17 10 2 2 0 0
4721 312911 0 2 10 24 57 55 35 8 6 1 0 0
4722 310802 0 7 26 39 66 42 12 6 0 0 0 0
4723 312915 1 1 11 31 63 51 23 4 2 0 0 0
4724 313175 2 5 19 36 65 37 18 9 4 1 0 0
4725 312990 0 7 16 36 58 46 13 8 0 3 0 0
4726 313300 0 5 18 28 45 50 34 11 6 1 0 0
4727 312816 2 9 31 52 64 17 7 2 0 0 0 0
4728 312996 0 1 14 36 62 46 16 5 2 0 0 0
4729 311053 5 17 30 42 49 33 11 1 0 1 0 0
4730 311804 0 2 7 24 49 56 28 11 10 7 0 0
4731 312380 0 11 23 39 62 43 12 7 2 2 0 0
4732 313305 1 2 11 31 71 43 21 9 5 1 0 0
4733 313334 0 4 7 23 63 55 26 20 4 2 0 0
4734 311646 4 8 14 48 45 42 19 8 0 2 0 0
4735 310847 0 8 25 59 55 35 6 3 1 1 0 0
4736 310298 0 1 3 20 48 54 31 17 6 6 0 0
4737 312769 0 3 7 20 62 60 30 14 8 1 0 0
4738 313037 2 3 21 36 83 25 10 3 1 0 0 0
4739 312844 4 13 21 80 50 13 2 1 0 0 0 0
4740 310932 2 4 2 10 34 45 38 31 20 18 0 0
4741 312916 16 28 36 59 26 9 3 1 0 1 0 0
4742 313316 0 4 13 40 64 45 23 7 1 1 0 0
4743 313136 0 4 2 13 41 55 47 23 11 5 0 0
4744 313258 0 9 20 42 62 38 11 9 2 0 0 0
4745 312858 2 8 21 57 61 24 7 4 0 0 0 0
4746 313310 1 2 11 14 61 46 25 14 6 2 0 0
4747 313336 3 1 10 26 67 46 25 12 4 1 0 0
4748 313356 4 3 23 52 47 39 8 3 0 0 0 0
4749 310301 1 2 11 30 57 47 24 14 8 2 0 0
4750 313223 0 2 7 15 55 62 27 17 7 2 0 0
4751 312740 1 1 13 33 71 35 20 10 1 1 0 0
4752 313285 0 10 27 67 42 28 7 3 0 0 0 0
4753 311386 1 7 21 37 60 41 19 9 2 0 0 0
4754 310261 0 5 6 28 70 44 26 8 7 3 0 0
4755 312467 0 2 12 23 59 51 22 12 2 2 0 0
4756 310496 2 3 23 53 58 33 11 4 1 0 0 0
4757 312077 2 10 19 51 67 31 4 2 1 0 0 0
4758 311849 0 8 11 41 67 31 12 8 0 1 0 0
4759 312163 0 2 11 36 70 43 20 7 3 1 0 0
4760 313209 3 10 26 61 63 24 9 1 1 0 0 0
4761 310426 3 7 19 32 53 34 17 17 5 8 0 0
4762 312917 0 5 9 24 51 52 29 15 4 3 0 0
4763 311200 0 2 10 25 66 58 19 7 0 2 0 0
4764 312775 3 4 10 28 47 42 27 14 10 3 0 0
4765 313171 1 17 20 55 60 23 9 5 0 0 0 0
4766 313231 25 31 40 37 31 9 7 0 0 2 0 0
4767 313163 0 3 14 35 65 50 18 7 2 1 0 0
4768 310630 3 22 51 63 29 14 2 1 0 0 0 0
4769 311654 1 1 11 40 59 36 21 11 1 1 0 0
4770 310807 0 10 22 49 56 30 12 3 0 0 0 0
4771 312355 0 0 11 36 55 43 21 13 1 3 0 0
4772 313303 5 17 44 47 45 17 4 3 0 0 0 0
4773 313043 0 3 9 19 69 51 16 14 5 3 0 0
4774 312720 0 5 17 32 58 44 30 14 3 0 0 0
4775 311540 4 3 24 43 62 24 15 4 3 0 0 0
4776 313253 1 3 9 24 66 52 25 7 4 1 0 0
4777 310792 0 5 26 34 66 39 17 8 2 0 0 0
4778 313065 0 6 11 33 58 48 18 9 1 0 0 0
4779 312954 0 3 7 43 68 32 13 10 2 0 0 0
4780 312710 0 1 12 38 62 47 24 3 3 1 0 0
4781 311731 3 5 26 56 55 20 8 1 0 0 0 0
4782 312907 6 17 35 59 33 19 10 3 2 0 0 0
4783 311729 0 5 10 22 47 59 36 15 6 8 0 0
4784 310273 2 14 25 73 54 16 5 2 4 0 0 0
4785 313026 0 0 6 20 63 41 26 20 4 0 0 0
4786 312573 3 8 19 50 61 26 17 12 4 2 0 0
4787 313170 11 30 43 68 21 8 3 0 0 0 0 0
4788 312428 4 11 14 42 66 32 21 4 4 1 0 0
4789 311783 0 4 16 31 63 48 28 15 3 2 0 0
4790 312498 1 7 11 41 65 43 17 6 1 1 0 0
4791 310053 0 4 9 15 40 54 34 25 17 6 0 0
4792 310750 5 7 17 60 54 30 8 2 1 1 0 0
4793 310271 0 2 2 18 56 55 32 14 6 3 0 0
4794 310480 1 3 29 67 56 12 11 2 1 1 0 0
4795 312578 1 9 17 48 64 37 15 5 0 1 0 0
4796 311023 3 7 14 34 54 34 24 13 1 1 0 0
4797 310428 2 10 20 62 60 20 8 2 1 0 0 0
4798 313354 0 4 17 39 55 40 23 5 2 0 0 0
4799 313339 2 3 15 33 60 41 27 6 2 1 0 0
4800 311976 5 10 26 52 56 33 10 1 0 0 0 0
4801 313278 2 6 30 59 63 23 8 2 0 0 0 0
4802 312922 0 3 7 37 70 39 17 8 2 0 0 0
4803 310684 0 3 8 16 39 61 40 18 8 1 0 0
4804 313142 3 17 36 46 62 18 13 3 6 0 0 0
4805 311568 1 9 26 49 54 34 10 6 2 1 0 0
4806 313261 0 2 8 19 51 62 27 24 6 2 0 0
4807 311372 3 1 12 29 53 49 19 12 4 3 0 0
4808 311069 0 6 17 36 70 42 22 9 2 2 0 0
4809 311479 0 2 7 38 74 45 16 6 4 0 0 0
4810 312855 1 4 18 45 58 37 12 6 2 1 0 0
4811 313260 1 2 14 39 63 42 16 4 3 2 0 0
4812 312912 0 8 8 36 55 41 23 12 6 1 0 0
4813 311622 0 3 3 14 32 53 47 25 16 6 0 0
4814 311660 0 1 9 10 36 47 43 41 14 4 0 0
4815 311841 1 5 16 33 56 35 18 7 10 3 0 0
4816 312161 2 8 15 51 58 36 15 2 1 0 0 0
4817 312881 0 2 8 11 39 57 36 18 9 8 0 0
4818 311764 0 2 7 23 61 55 29 13 11 3 0 0
4819 312947 0 2 3 9 48 48 43 28 10 9 0 0
4820 310598 0 2 5 30 60 54 23 15 6 1 0 0
4821 312065 0 6 11 29 66 52 16 9 2 3 0 0
4822 313093 1 2 12 32 67 36 12 4 2 1 0 0
4823 311742 0 4 11 25 45 46 29 19 7 4 0 0
4824 312774 0 4 8 29 51 46 30 17 7 2 0 0
4825 312169 1 3 16 44 57 47 20 5 2 1 0 0
4826 311539 1 3 13 32 63 45 30 6 4 1 0 0
4827 310499 6 15 40 55 47 20 6 1 0 0 0 0
4828 312640 0 8 29 39 56 34 21 5 5 3 0 0
4829 312767 2 10 27 63 56 28 7 0 0 1 0 0
4830 310653 0 5 18 27 81 41 15 6 2 1 0 0
4831 312895 0 10 22 41 55 40 9 4 1 0 0 0
4832 313317 0 4 5 33 66 50 19 17 5 2 0 0
4833 310578 1 3 8 25 62 62 20 7 4 4 0 0
4834 310672 0 8 21 32 70 43 9 3 1 0 0 0
4835 313348 3 6 28 39 50 35 21 12 6 0 0 0
4836 313266 0 2 8 32 55 48 27 10 1 0 0 0
4837 311192 16 23 38 58 30 19 10 3 0 0 0 0
4838 310501 0 2 9 26 50 43 33 18 10 1 0 0
4839 310715 0 0 2 11 32 45 38 34 15 13 0 0
4840 313247 10 17 41 54 39 23 3 3 0 0 0 0
4841 312216 1 5 11 32 49 60 24 6 2 0 0 0
4842 310399 3 24 34 56 50 19 8 0 0 0 0 0
4843 313308 0 3 10 46 76 37 12 2 1 0 0 0
4844 313342 15 24 47 49 43 11 3 0 1 0 0 0
4845 312448 3 8 29 40 70 33 10 5 0 1 0 0
4846 311767 13 33 48 54 27 11 2 1 0 0 0 0
4847 312392 0 4 17 40 60 39 20 4 2 2 0 0
4848 312586 1 6 23 49 67 29 18 4 0 0 0 0
4849 311333 0 5 4 31 65 46 28 13 3 1 0 0
4850 312893 2 2 9 24 44 52 20 10 8 3 0 0
4851 312141 1 5 14 42 73 30 15 7 1 0 0 0
4852 311277 2 5 19 39 61 42 15 11 1 1 0 0
4853 312477 0 3 8 35 45 54 27 8 3 0 0 0
4854 313217 0 3 13 33 52 44 31 12 7 1 0 0
4855 311785 4 14 40 47 33 27 8 3 0 0 0 0
4856 312544 0 2 7 20 55 55 39 16 8 5 0 0
4857 313352 4 6 19 57 53 30 8 4 0 0 0 0
4858 312965 4 10 41 63 32 24 3 2 0 0 0 0
4859 311522 1 5 24 53 56 29 8 4 0 1 0 0
4860 313304 0 6 21 59 68 31 11 6 0 0 0 0
4861 310112 3 14 33 69 45 18 5 3 0 1 0 0
4862 312935 3 12 19 70 62 21 3 5 0 1 0 0
4863 312905 0 1 4 9 47 51 35 26 5 5 0 0
4864 312676 1 4 18 41 61 41 18 8 6 2 0 0
4865 311503 1 3 9 18 43 34 29 32 18 17 0 0
4866 312749 0 2 2 6 26 39 45 38 20 24 0 0
4867 311752 4 7 19 42 65 41 10 5 1 3 0 0
4868 312985 2 7 24 51 75 24 10 4 0 0 0 0
4869 312813 2 8 18 43 64 34 14 3 1 1 0 0
4870 311639 2 11 19 56 68 26 13 1 0 0 0 0
4871 313086 1 5 14 23 47 42 21 30 17 8 0 0
4872 313338 0 4 9 15 42 49 30 27 14 2 0 0
4873 310207 0 4 19 61 61 35 9 5 1 0 0 0
4874 311916 2 5 4 18 37 45 28 24 14 10 0 0
4875 311966 0 3 6 21 46 51 38 26 10 0 0 0
4876 312535 1 2 8 32 71 47 21 7 3 1 0 0
4877 313032 0 0 5 12 35 40 47 29 22 10 0 0
4878 312580 0 6 15 32 66 40 27 5 1 0 0 0
4879 311562 0 4 7 26 46 55 34 20 7 1 0 0
4880 311616 2 6 17 35 49 42 23 9 7 1 0 0
4881 312806 1 6 7 26 70 42 23 16 5 0 0 0
4882 312362 3 2 11 27 66 45 23 8 5 1 0 0
4883 313349 4 7 18 57 54 39 8 3 0 0 0 0
4884 313335 1 10 19 48 64 35 12 6 1 2 0 0
4885 311650 0 3 19 43 57 32 30 7 1 0 0 0
4886 311058 0 2 14 36 74 32 25 12 1 1 0 0
4887 312766 2 4 17 39 77 30 17 3 0 0 0 0
4888 309998 1 23 29 52 63 18 7 2 0 0 0 0
4889 312723 1 11 20 36 64 39 9 5 1 0 0 0
4890 313062 5 21 29 43 57 18 9 9 0 2 0 0
4891 312763 0 2 5 17 56 56 33 15 9 1 0 0
4892 313315 0 12 28 52 59 34 9 2 0 1 0 0
4893 313351 0 5 10 31 64 52 27 11 2 1 0 0
4894 311420 0 3 18 26 50 41 25 14 2 2 0 0
4895 313213 0 4 18 42 67 44 19 4 0 1 0 0
4896 310760 0 1 7 15 45 52 32 19 9 7 0 0
4897 311977 0 1 3 19 52 56 30 20 6 5 0 0
4898 313144 7 17 35 46 50 26 5 3 0 0 0 0
4899 313139 0 4 14 45 65 46 13 5 3 1 0 0
4900 313341 2 18 34 76 38 10 1 0 0 0 0 0
4901 313256 2 5 16 62 46 36 14 2 0 0 0 0
4902 313172 0 2 8 31 41 63 37 13 7 1 0 0
4903 310082 0 4 15 32 66 43 22 7 0 0 0 0
4904 311903 0 3 13 28 71 51 25 13 3 0 0 0
4905 311340 1 2 7 9 30 51 51 33 9 7 0 0
4906 310880 1 3 15 24 51 42 31 18 9 5 0 0
4907 312745 0 4 13 29 54 44 29 14 13 3 0 0
4908 311028 7 17 43 72 32 9 2 0 0 0 0 0
4909 311848 3 5 14 45 54 40 21 14 1 1 0 0
4910 309962 0 3 11 33 59 43 23 11 3 0 0 0
4911 311758 4 3 9 39 65 41 24 9 4 1 0 0
4912 311669 0 2 13 25 58 51 27 18 1 1 0 0
4913 312994 0 3 13 34 60 50 20 4 5 0 0 0
4914 313016 1 5 22 32 59 38 17 13 3 2 0 0
4915 312678 0 9 17 37 53 37 13 7 2 0 0 0
4916 311569 2 1 17 23 57 56 29 8 4 1 0 0
4917 310862 1 8 21 37 44 44 18 5 4 2 0 0
4918 312814 1 1 6 10 34 43 38 38 22 9 0 0
4919 312504 0 5 5 19 54 48 34 26 7 0 0 0
4920 313280 0 5 9 26 68 46 26 16 6 3 0 0
4921 313301 0 6 22 40 70 38 20 4 3 0 0 0
4922 310457 5 8 17 48 66 31 11 2 1 0 0 0
4923 313140 1 3 3 12 28 50 46 31 8 8 0 0
4924 312407 3 17 32 66 48 15 9 1 0 0 0 0
4925 312777 0 9 21 26 58 41 23 7 3 2 0 0
4926 312527 3 5 7 21 55 46 31 18 8 3 0 0
4927 310702 3 17 49 65 41 14 5 0 1 0 0 0
4928 312659 0 4 7 16 38 61 26 27 4 3 0 0
4929 312481 0 1 4 16 39 52 38 24 10 3 0 0
4930 310756 1 8 20 50 51 35 18 3 1 1 0 0
4931 312519 0 4 14 43 64 40 15 6 3 1 0 0
4932 313189 0 4 7 32 63 50 18 6 2 0 0 0
4933 311379 4 12 32 57 48 18 4 2 0 0 0 0
4934 311928 1 6 20 57 65 25 7 2 2 0 0 0
4935 310059 0 3 5 21 44 48 39 18 3 2 0 0
4936 310907 0 2 9 12 38 58 40 28 8 5 0 0
4937 312119 3 10 24 71 51 27 8 4 0 0 0 0
4938 312938 9 14 38 57 39 17 4 3 0 0 0 0
4939 313295 0 5 3 21 58 58 28 16 10 1 0 0
4940 312849 0 3 10 30 50 52 32 9 6 3 0 0
4941 313255 0 0 7 29 61 55 32 16 4 1 0 0
4942 313085 0 2 8 26 43 44 25 23 7 2 0 0
4943 313257 0 0 7 29 63 62 28 11 1 2 0 0
4944 311465 8 29 55 59 30 16 3 1 0 0 0 0
4945 312956 2 4 13 38 78 34 14 5 1 0 0 0
4946 310285 0 3 2 16 46 52 46 18 5 5 0 0
4947 312952 7 12 31 78 32 12 3 1 0 1 0 0
4948 310667 1 3 6 28 61 35 31 14 5 0 0 0
4949 312995 11 16 41 54 46 12 1 0 0 0 0 0
4950 310493 1 0 7 8 29 50 43 30 20 11 0 0
4951 313074 1 5 14 29 68 45 14 16 5 1 0 0
4952 312496 0 2 19 54 56 33 15 7 0 1 0 0
4953 310909 11 19 44 55 40 19 2 3 0 0 0 0
4954 311580 0 6 15 49 66 38 11 5 1 1 0 0
4955 310956 0 0 12 30 61 40 21 12 3 2 0 0
4956 313064 4 11 18 56 54 31 12 1 1 0 0 0
4957 310512 1 4 14 46 67 49 12 3 2 1 0 0
4958 312810 0 0 17 35 65 40 19 13 2 1 0 0
4959 309963 1 8 22 62 58 30 10 2 1 0 0 0
4960 313147 1 4 15 60 49 41 15 6 1 0 0 0
4961 312470 0 4 7 24 52 58 30 13 7 4 0 0
4962 311161 5 13 38 62 49 15 4 2 0 1 0 0
4963 311194 0 2 10 19 45 51 36 18 5 2 0 0
4964 312864 1 13 24 36 48 39 15 6 4 0 0 0
4965 312536 0 4 9 34 60 41 27 14 3 3 0 0
4966 313331 6 11 19 41 50 44 20 3 5 0 0 0
4967 310432 0 11 31 55 49 23 8 9 0 1 0 0
4968 312558 1 6 11 24 55 40 21 8 8 2 0 0
4969 312552 7 19 42 56 41 20 5 3 0 0 0 0
4970 312587 9 16 26 61 45 23 12 3 2 1 0 0
4971 313236 4 6 22 51 55 27 8 4 0 0 0 0
4972 312153 2 9 29 64 52 21 12 3 1 0 0 0
4973 312087 2 4 17 49 60 28 17 2 0 0 0 0
4974 310505 1 8 21 49 54 25 18 4 1 0 0 0
4975 311864 1 3 6 23 49 48 28 16 2 2 0 0
4976 312518 7 14 25 50 55 25 7 1 0 0 0 0
4977 312541 10 29 49 43 48 9 6 0 0 0 0 0
4978 310454 0 6 17 48 62 34 19 4 0 0 0 0
4979 312933 6 9 25 61 61 14 12 5 0 1 0 0
4980 312931 0 3 5 27 44 54 27 13 12 3 0 0
4981 313227 1 1 11 20 62 53 17 15 6 2 0 0
4982 310664 3 6 19 33 72 37 18 1 3 1 0 0
4983 312715 0 3 9 23 35 60 40 19 9 9 0 0
4984 311852 1 9 16 64 68 19 11 1 1 2 0 0
4985 313148 1 4 14 26 50 51 24 9 6 0 0 0
4986 313284 0 4 4 16 45 54 34 23 17 4 0 0
4987 310987 3 14 23 47 54 27 6 3 1 3 0 0
4988 313135 2 4 20 55 65 28 6 1 0 0 0 0
4989 310590 1 5 16 47 57 33 25 4 5 3 0 0
4990 310714 7 22 40 50 50 19 7 3 0 0 0 0
4991 313347 1 4 17 38 71 43 20 5 2 0 0 0
4992 311320 6 15 26 50 44 22 12 3 1 1 0 0
4993 312660 2 4 18 36 63 34 21 8 3 1 0 0
4994 312555 0 0 6 15 45 49 42 19 14 11 0 0
4995 313104 0 4 5 26 74 42 31 11 3 1 0 0
4996 312751 0 4 9 34 53 47 26 14 5 1 0 0
4997 310666 0 2 7 20 52 64 28 18 2 1 0 0
4998 313306 2 8 18 50 63 34 13 3 0 0 0 0
4999 312263 0 4 10 23 53 60 22 16 2 2 0 0
5000 310940 0 2 25 39 58 41 20 8 5 0 0 0
